DATE ADDED TO CATALOG	PUBMEDID	FIRST AUTHOR	DATE	JOURNAL	LINK	STUDY	DISEASE/TRAIT	INITIAL SAMPLE SIZE	REPLICATION SAMPLE SIZE	REGION	CHR_ID	CHR_POS	REPORTED GENE(S)	MAPPED_GENE	UPSTREAM_GENE_ID	DOWNSTREAM_GENE_ID	SNP_GENE_IDS	UPSTREAM_GENE_DISTANCE	DOWNSTREAM_GENE_DISTANCE	STRONGEST SNP-RISK ALLELE	SNPS	MERGED	SNP_ID_CURRENT	CONTEXT	INTERGENIC	RISK ALLELE FREQUENCY	P-VALUE	PVALUE_MLOG	P-VALUE (TEXT)	OR or BETA	95% CI (TEXT)	PLATFORM [SNPS PASSING QC]	CNV	MAPPED_TRAIT	MAPPED_TRAIT_URI	STUDY ACCESSION	GENOTYPING TECHNOLOGY
2019-08-01	31235808	Shungin D	2019-06-24	Nat Commun	www.ncbi.nlm.nih.gov/pubmed/31235808	Genome-wide analysis of dental caries and periodontitis combining clinical and self-reported data.	Number of decayed, missing and filled tooth surfaces or use of dentures	14,976 European ancestry individuals with decayed, missing or filled tooth surface measurement, 11,816 Hispanic/Latino individuals with decayed, missing or filled tooth surface measurement, 77,714 European ancestry dentures cases, 383,317 European ancestry controls	NA	5p14.1	5	26927939	CDH9	CDH9			ENSG00000113100			rs55769264-A	rs55769264	0	55769264	intron_variant	0	0.45	3E-8	7.522878745280337		0.015	[0.0097-0.0203] unit increase	Affymetrix, Illumina [~ 8900000] (imputed)	N	dental caries, dentures	http://www.ebi.ac.uk/efo/EFO_0003819, http://www.ebi.ac.uk/efo/EFO_0010078	GCST008295	Genome-wide genotyping array
2019-08-01	31235808	Shungin D	2019-06-24	Nat Commun	www.ncbi.nlm.nih.gov/pubmed/31235808	Genome-wide analysis of dental caries and periodontitis combining clinical and self-reported data.	Dentures	77,714 European ancestry cases, 383,317 European ancestry controls	NA	5p14.1	5	26927939	CDH9	CDH9			ENSG00000113100			rs55769264-A	rs55769264	0	55769264	intron_variant	0	0.45	9E-8	7.045757490560675		0.03	[0.019-0.041] unit increase	Affymetrix [at least 8900000] (imputed)	N	dentures	http://www.ebi.ac.uk/efo/EFO_0010078	GCST008306	Genome-wide genotyping array
2019-11-05	30239722	Pulit SL	2018-09-14	Hum Mol Genet	www.ncbi.nlm.nih.gov/pubmed/30239722	Meta-analysis of genome-wide association studies for body fat distribution in 694,649 individuals of European ancestry.	Body mass index	434,794 European ancestry female individuals	NA	5p14.1	5	27193466	NA	CDH9 - PURPL	ENSG00000113100	ENSG00000250337		72316	24248	rs6890310-A	rs6890310	0	6890310	intergenic_variant	1	0.2923	3E-10	9.522878745280337		0.0119	[0.0082-0.0156] unit decrease	NR [~ 27400000] (imputed)	N	body mass index	http://www.ebi.ac.uk/efo/EFO_0004340	GCST009003	Genome-wide genotyping array
2019-09-24	31455332	Zhang Y	2019-08-28	BMC Med	www.ncbi.nlm.nih.gov/pubmed/31455332	Dissecting genetic factors affecting phenylephrine infusion rates during anesthesia: a genome-wide association study employing EHR data.	Phenylephrine infusion rate during anesthesia	1,534 European ancestry individuals	NA	5p14.1	5	26671242	MSNP1, CCNB3P1	NA - CCNB3P1		ENSG00000249616			68511	rs76054107-T	rs76054107	0	76054107	intergenic_variant	1	0.02113	6E-6	5.221848749616356		10.76	[6.09-15.42] unit increase	Illumina [up to 4929806] (imputed)	N	response to phenylephrine	http://www.ebi.ac.uk/efo/EFO_0010152	GCST008755	Genome-wide genotyping array
2022-07-04	33462482	Ruhlemann MC	2021-01-18	Nat Genet	www.ncbi.nlm.nih.gov/pubmed/33462482	Genome-wide association study in 8,956 German individuals identifies influence of ABO histo-blood groups on gut microbiome.	OTU99_150 (Prevotella) prevalence	8,956 German ancestry individuals	NA	5p14.1	5	26847089		CCNB3P1 - CDH9	ENSG00000249616	ENSG00000113100		105906	33508	rs3846559-?	rs3846559	0	3846559	intergenic_variant	1	NR	5E-6	5.301029995663981		0.25744647	[0.15-0.37] unit decrease	NR [6900000] (imputed)	N	gut microbiome measurement	http://www.ebi.ac.uk/efo/EFO_0007874	GCST90011635	Genome-wide genotyping array
2017-12-05	29064472	Lencer R	2017-10-24	Transl Psychiatry	www.ncbi.nlm.nih.gov/pubmed/29064472	Genome-wide association studies of smooth pursuit and antisaccade eye movements in psychotic disorders: findings from the B-SNIP study.	Initial pursuit acceleration	114 African ancestry schizophrenia cases, 69 African schizo-affective cases, 41 African ancestry bipolar disorder cases, 76 African ancestry controls, 116 European ancestry schizophrenia cases, 86 European ancestry schizo-affective cases, 165 European ancestry bipolar disorder cases, 182 European ancestry controls	NA	5p14.1	5	27486924	LINC01021	PURPL			ENSG00000250337			rs11951177-A	rs11951177	0	11951177	intron_variant	0	0.1074	4E-6	5.3979400086720375	(African)			Illumina [4404269] (imputed)	N	initial pursuit acceleration	http://www.ebi.ac.uk/efo/EFO_0008434	GCST005023	Genome-wide genotyping array
2017-08-04	27989323	Ahola-Olli AV	2016-12-13	Am J Hum Genet	www.ncbi.nlm.nih.gov/pubmed/27989323	Genome-wide Association Study Identifies 27 Loci Influencing Concentrations of Circulating Cytokines and Growth Factors.	Platelet-derived growth factor BB levels	8,293 Finnish ancestry individuals	NA	5p14.1	5	27279116	NR	PURPL			ENSG00000250337			rs183273184-G	rs183273184	0	183273184	intron_variant	0		2E-6	5.698970004336019		0.4946	[0.29-0.7] SD units increase	NR [10700000] (imputed)	N	platelet-derived growth factor BB measurement	http://www.ebi.ac.uk/efo/EFO_0008264	GCST004432	Genome-wide genotyping array
2017-08-04	27989323	Ahola-Olli AV	2016-12-13	Am J Hum Genet	www.ncbi.nlm.nih.gov/pubmed/27989323	Genome-wide Association Study Identifies 27 Loci Influencing Concentrations of Circulating Cytokines and Growth Factors.	Platelet-derived growth factor BB levels	8,293 Finnish ancestry individuals	NA	5p14.1	5	27558440	NR	PURPL - NA	ENSG00000250337			61446		rs184974167-C	rs184974167	0	184974167	intergenic_variant	1		2E-6	5.698970004336019		0.4504	[0.26-0.64] SD units increase	NR [10700000] (imputed)	N	platelet-derived growth factor BB measurement	http://www.ebi.ac.uk/efo/EFO_0008264	GCST004432	Genome-wide genotyping array
2017-08-04	27989323	Ahola-Olli AV	2016-12-13	Am J Hum Genet	www.ncbi.nlm.nih.gov/pubmed/27989323	Genome-wide Association Study Identifies 27 Loci Influencing Concentrations of Circulating Cytokines and Growth Factors.	Platelet-derived growth factor BB levels	8,293 Finnish ancestry individuals	NA	5p14.1	5	27761545	NR							rs183275372-C	rs183275372	0	183275372	intergenic_variant	1		4E-6	5.3979400086720375		0.4292	[0.24-0.62] SD units decrease	NR [10700000] (imputed)	N	platelet-derived growth factor BB measurement	http://www.ebi.ac.uk/efo/EFO_0008264	GCST004432	Genome-wide genotyping array
2017-05-23	28247064	Deming Y	2017-02-28	Acta Neuropathol	www.ncbi.nlm.nih.gov/pubmed/28247064	Genome-wide association study identifies four novel loci associated with Alzheimer's endophenotypes and disease modifiers.	Cerebrospinal fluid AB1-42 levels	3,146 individuals	NA	5p14.1	5	26951290	CDH9	CDH9			ENSG00000113100			rs12153566-T	rs12153566	0	12153566	intron_variant	0	0.186	1E-6	6.0		0.026	[0.016-0.036] unit decrease	Illumina [7358575] (imputed)	N	beta-amyloid 1-42 measurement	http://www.ebi.ac.uk/efo/EFO_0004670	GCST004069	Genome-wide genotyping array
2020-06-08	32141793	Garman L	2020-03-06	Ocul Immunol Inflamm	www.ncbi.nlm.nih.gov/pubmed/32141793	Genome-Wide Association Study of Ocular Sarcoidosis Confirms HLA Associations and Implicates Barrier Function and Autoimmunity in African Americans.	Ocular sarcoidosis	260 African American cases, 1,551 African American controls	NA	5p14.1	5	26685401	NR	NA - CCNB3P1		ENSG00000249616			54352	rs116272744-G	rs116272744	0	116272744	intergenic_variant	1	NR	2E-6	5.698970004336019		4.518	[2.43-8.41]	Illumina [13976150] (imputed)	N	ocular sarcoidosis	http://www.ebi.ac.uk/efo/EFO_0010723	GCST010054	Genome-wide genotyping array
2020-06-08	32141793	Garman L	2020-03-06	Ocul Immunol Inflamm	www.ncbi.nlm.nih.gov/pubmed/32141793	Genome-Wide Association Study of Ocular Sarcoidosis Confirms HLA Associations and Implicates Barrier Function and Autoimmunity in African Americans.	Ocular sarcoidosis	260 African American cases, 1,551 African American controls	NA	5p14.1	5	26526530	NR							rs182625293-G	rs182625293	0	182625293	intergenic_variant	1	NR	3E-6	5.522878745280337		4.925	[2.52-9.63]	Illumina [13976150] (imputed)	N	ocular sarcoidosis	http://www.ebi.ac.uk/efo/EFO_0010723	GCST010054	Genome-wide genotyping array
2018-10-31	29942085	Nagel M	2018-06-25	Nat Genet	www.ncbi.nlm.nih.gov/pubmed/29942085	Meta-analysis of genome-wide association studies for neuroticism in 449,484 individuals identifies novel genetic loci and pathways.	Depression	688,809 European ancestry individuals	NA	5p14.1	5	26972576	NR	CDH9			ENSG00000113100			rs1946473-A	rs1946473	0	1946473	intron_variant	0	NR	3E-8	7.522878745280337		5.548	z score decrease	Affymetrix [10847151] (imputed)	N	unipolar depression	http://www.ebi.ac.uk/efo/EFO_0003761	GCST006477	Genome-wide genotyping array
2018-09-12	29942086	Savage JE	2018-06-25	Nat Genet	www.ncbi.nlm.nih.gov/pubmed/29942086	Genome-wide association meta-analysis in 269,867 individuals identifies new genetic and functional links to intelligence.	Intelligence	269,867 European ancestry individuals	NA	5p14.1	5	26880816	NR	CDH9			ENSG00000113100			rs75973558-A	rs75973558	0	75973558	3_prime_UTR_variant	0	NR	9E-9	8.045757490560675		5.741	z-score increase	Affymetrix, Illumina [9295118] (imputed)	N	intelligence	http://www.ebi.ac.uk/efo/EFO_0004337	GCST006250	Genome-wide genotyping array
2021-07-07	33002292	Shinohara T	2020-10-01	J Cell Mol Med	www.ncbi.nlm.nih.gov/pubmed/33002292	Inherited genetic variants associated with glucocorticoid sensitivity in leukaemia cells.	Glucocorticoid receptor gene expression in B-cell precursor acute lymphoblastic leukaemia	72 Japanese ancestry leukaemic cell lines	NA	5p14.1	5	26372454	intergenic							rs4565182-?	rs4565182	0	4565182	intergenic_variant	1	NR	4E-6	5.3979400086720375				Illumina [331281]	N	glucocorticoid receptor gene expression measurement	http://www.ebi.ac.uk/efo/EFO_0600079	GCST011998	Genome-wide genotyping array
2020-07-28	32450446	Wang H	2020-04-29	Neurobiol Aging	www.ncbi.nlm.nih.gov/pubmed/32450446	Genome-wide interaction analysis of pathological hallmarks in Alzheimer's disease.	Diffuse plaques (SNP x SNP interaction)	1,316 individuals	NA	5p14.1	5	27539383	NR x NR	No mapped genes x PURPL - N/A						rs2685875-? x rs2329628-?	rs2685875 x rs2329628	0		intron_variant x intergenic_variant		NR	1E-9	9.0				Affymetrix, Illumina [279409] (imputed)	N	diffuse plaque measurement	http://www.ebi.ac.uk/efo/EFO_0010699	GCST010341	Genome-wide genotyping array
2020-10-07	32606422	Wu Y	2020-06-30	Transl Psychiatry	www.ncbi.nlm.nih.gov/pubmed/32606422	Multi-trait analysis for genome-wide association study of five psychiatric disorders.	Depressive symptoms	688,809 individuals	NA	5p14.1	5	26972576	NR	CDH9			ENSG00000113100			rs1946473-?	rs1946473	0	1946473	intron_variant	0		3E-8	7.522878745280337				NR [11140414]	N	depressive symptom measurement	http://www.ebi.ac.uk/efo/EFO_0007006	GCST010647	Genome-wide genotyping array
2021-07-27	33232274	Mohammadnejad A	2020-11-24	Aging (Albany NY)	www.ncbi.nlm.nih.gov/pubmed/33232274	Generalized correlation coefficient for genome-wide association analysis of cognitive ability in twins.	Cognitive function (generalized correlation coefficient)	900 Danish ancestry dizygotic twins, 272 Danish ancestry monozygotic twins	NA	5p14.1	5	26779865	NR	CCNB3P1 - NA	ENSG00000249616			38682		rs905838-?	rs905838	0	905838	intergenic_variant	1	NR	2E-8	7.698970004336019			[NR]	Illumina [5779266] (imputed)	N	cognitive function measurement	http://www.ebi.ac.uk/efo/EFO_0008354	GCST012069	Genome-wide genotyping array
2019-02-06	30595370	Kichaev G	2018-12-27	Am J Hum Genet	www.ncbi.nlm.nih.gov/pubmed/30595370	Leveraging Polygenic Functional Enrichment to Improve GWAS Power.	Body mass index	approximately 458,000 European ancestry individuals	NA	5p14.1	5	27188711		CDH9 - PURPL	ENSG00000113100	ENSG00000250337		67561	29003	rs72740699-?	rs72740699	0	72740699	intergenic_variant	1	NR	1E-9	9.0				NR [~ 8900000] (imputed)	N	body mass index	http://www.ebi.ac.uk/efo/EFO_0004340	GCST007039	Genome-wide genotyping array
2019-11-05	30239722	Pulit SL	2018-09-14	Hum Mol Genet	www.ncbi.nlm.nih.gov/pubmed/30239722	Meta-analysis of genome-wide association studies for body fat distribution in 694,649 individuals of European ancestry.	Body mass index	806,834 European ancestry individuals	NA	5p14.1	5	27193466	NA	CDH9 - PURPL	ENSG00000113100	ENSG00000250337		72316	24248	rs6890310-A	rs6890310	0	6890310	intergenic_variant	1	0.2923	3E-10	9.522878745280337		0.0119	[0.0082-0.0156] unit decrease	NR [~ 27400000] (imputed)	N	body mass index	http://www.ebi.ac.uk/efo/EFO_0004340	GCST009004	Genome-wide genotyping array
2019-02-06	30595370	Kichaev G	2018-12-27	Am J Hum Genet	www.ncbi.nlm.nih.gov/pubmed/30595370	Leveraging Polygenic Functional Enrichment to Improve GWAS Power.	Educational attainment (years of education)	approximately 455,000 European ancestry individuals	NA	5p14.1	5	26913666		CDH9			ENSG00000113100			rs17563464-?	rs17563464	0	17563464	intron_variant	0	NR	1E-12	12.0				NR [~ 8900000] (imputed)	N	self reported educational attainment	http://www.ebi.ac.uk/efo/EFO_0004784	GCST007037	Genome-wide genotyping array
2017-05-12	28030426	Mahmoudpour SH	2017-03-27	Pharmacogenet Genomics	www.ncbi.nlm.nih.gov/pubmed/28030426	Meta-analysis of genome-wide association studies on the intolerance of angiotensin-converting enzyme inhibitors.	Angiotensin-converting enzyme inhibitor intolerance	972 European ancestry intolerant individuals, 4,189 European ancestry tolerant individuals	NA	5p14.1	5	26402141	APC							rs7708945-?	rs7708945	0	7708945	intergenic_variant	1	0.030749	9E-6	5.045757490560675		3.666179	[2.066661-6.503664]	Affymetrix, Illumina [NR] (imputed)	N	response to angiotensin-converting enzyme inhibitor	http://www.ebi.ac.uk/efo/EFO_0005325	GCST004029	Genome-wide genotyping array
2016-09-07	26265699	Karol SE	2015-08-11	Blood	www.ncbi.nlm.nih.gov/pubmed/26265699	Genetics of glucocorticoid-associated osteonecrosis in children with acute lymphoblastic leukemia.	Glucocorticoid-induced osteonecrosis (age 10 years and older)	230 osteonecrosis cases, 1,238 treated controls	NA	5p14.1	5	27646712	CDH9							rs7445608-?	rs7445608	0	7445608	intergenic_variant	1	NR	4E-6	5.3979400086720375				Affymetrix, Illumina [NR] (imputed)	N	response to glucocorticoid, osteonecrosis	http://purl.obolibrary.org/obo/GO_0051384, http://www.ebi.ac.uk/efo/EFO_0004259	GCST003081	Genome-wide genotyping array
2016-07-14	26053186	Park SL	2015-06-08	PLoS One	www.ncbi.nlm.nih.gov/pubmed/26053186	Mercapturic Acids Derived from the Toxicants Acrolein and Crotonaldehyde in the Urine of Cigarette Smokers from Five Ethnic Groups with Differing Risks for Lung Cancer.	3-hydroxypropylmercapturic acid levels in smokers	362 African American current smoker individuals, 329 Native Hawaiian ancestry current smoker individuals, 438 European ancestry current smoker individuals, 449 Latino current smoker individuals, 704 Japanese ancestry current smoker individuals	NA	5p14.1	5	27460098	NR	PURPL			ENSG00000250337			rs10077887-?	rs10077887	0	10077887	intron_variant	0	NR	8E-6	5.096910013008056	(Native Hawaiian)	0.5383	[NR] unit increase	Illumina [up to 11892802] (imputed)	N	3-hydroxypropylmercapturic acid measurement	http://www.ebi.ac.uk/efo/EFO_0007014	GCST002956	Genome-wide genotyping array
2012-10-23	22872573	Hu L	2012-08-07	Clin Cancer Res	www.ncbi.nlm.nih.gov/pubmed/22872573	Genome-wide association study of prognosis in advanced non-small cell lung cancer patients receiving platinum-based chemotherapy.	Response to platinum-based chemotherapy in non-small-cell lung cancer	528 Han Chinese ancestry cases	340 Han Chinese ancestry cases, 409 European ancestry cases	5p14.1	5	26389153	CDH9							rs969088-C	rs969088	0	969088	intron_variant	1	NR	2E-6	5.698970004336019	(Han Chinese)	1.43	[1.24-1.66]	NR [576351]	N	response to platinum based chemotherapy	http://www.ebi.ac.uk/efo/EFO_0004647	GCST001629	Genome-wide genotyping array
2012-10-23	22872573	Hu L	2012-08-07	Clin Cancer Res	www.ncbi.nlm.nih.gov/pubmed/22872573	Genome-wide association study of prognosis in advanced non-small cell lung cancer patients receiving platinum-based chemotherapy.	Response to platinum-based chemotherapy in non-small-cell lung cancer	528 Han Chinese ancestry cases	340 Han Chinese ancestry cases, 409 European ancestry cases	5p14.1	5	26389153	CDH9							rs969088-C	rs969088	0	969088	intron_variant	1	NR	3E-6	5.522878745280337	(Han Chinese + EA)	1.4	[1.22-1.61]	NR [576351]	N	response to platinum based chemotherapy	http://www.ebi.ac.uk/efo/EFO_0004647	GCST001629	Genome-wide genotyping array
2016-10-11	26545240	Giri A	2015-11-06	PLoS One	www.ncbi.nlm.nih.gov/pubmed/26545240	Genetic Determinants of Pelvic Organ Prolapse among African American and Hispanic Women in the Women's Health Initiative.	Pelvic organ prolapse (moderate/severe)	154 African American cases, 948 African American controls, 163 Hispanic cases, 305 Hispanic controls	NA	5p14.1	5	26876559	CDH9	NA - CDH9		ENSG00000113100			4038	rs201058683-AT	rs201058683	0	201058683	intergenic_variant	1	0.21	2E-7	6.698970004336019	(AA)	2.47	[1.76-3.47]	Affymetrix [at least 730985] (imputed)	N	pelvic organ prolapse	http://www.ebi.ac.uk/efo/EFO_0004710	GCST003225	Genome-wide genotyping array
2017-02-24	27236921	Rautanen A	2016-06-02	Am J Hum Genet	www.ncbi.nlm.nih.gov/pubmed/27236921	Polymorphism in a lincRNA Associates with a Doubled Risk of Pneumococcal Bacteremia in Kenyan Children.	Pneumococcal bacteremia	429 African ancestry cases, 2,677 African ancestry controls	113  African ancestry cases, 1,336 African ancestry controls	5p14.1	5	26568134	intergenic							rs6452345-?	rs6452345	0	6452345	intergenic_variant	1	NR	5E-6	5.301029995663981		3.22	[NR]	Affymetrix [up to 10996499] (imputed)	N	pneumococcal bacteremia	http://www.ebi.ac.uk/efo/EFO_1001925	GCST003649	Genome-wide genotyping array
2013-05-09	23377640	GENDEP Investigators	2013-02-01	Am J Psychiatry	www.ncbi.nlm.nih.gov/pubmed/23377640	Common genetic variation and antidepressant efficacy in major depressive disorder: a meta-analysis of three genome-wide pharmacogenetic studies.	Major depressive disorder	Up to 2,256 European ancestry cases	NA	5p14.1	5	27611324	intergenic	NA - EDIL3		ENSG00000164176			56329230	rs12054895-T	rs12054895	0	12054895	intergenic_variant	1	0.275456	3E-8	7.522878745280337	(% improvement - SSRI treated - 2 weeks)	0.2428	[0.16-0.33] unit increase	Affymetrix, Illumina [1200000] (imputed)	N	unipolar depression	http://www.ebi.ac.uk/efo/EFO_0003761	GCST001850	Genome-wide genotyping array
2015-06-27	25187353	Goldstein JI	2014-09-04	Nat Commun	www.ncbi.nlm.nih.gov/pubmed/25187353	Clozapine-induced agranulocytosis is associated with rare HLA-DQB1 and HLA-B alleles.	Clozapine-induced agranulocytosis	161 European ancestry cases, 1,196 European ancestry clozapine-treated and untreated controls	NA	5p14.1	5	26746274	intergenic	CCNB3P1 - NA	ENSG00000249616			5091		rs116688600-C	rs116688600	0	116688600	intron_variant	1	0.0196	9E-6	5.045757490560675		5.07	[4.35-5.79]	Illumina [8809853] (imputed)	N	Drug-induced agranulocytosis, response to clozapine	http://purl.obolibrary.org/obo/HP_0012235, http://purl.obolibrary.org/obo/GO_0097338	GCST002595	Genome-wide genotyping array
2011-01-06	21079607	Wang K	2010-11-16	Mol Psychiatry	www.ncbi.nlm.nih.gov/pubmed/21079607	A genome-wide association study on common SNPs and rare CNVs in anorexia nervosa.	Anorexia nervosa	1,033 European ancestry cases, 3,733 European ancestry controls	NA	5p14.1	5	26723674	CDH9	NA - CCNB3P1		ENSG00000249616			16079	rs4479806-?	rs4479806	0	4479806	intron_variant	1	0.10	8E-6	5.096910013008056				Illumina [~ 598000]	N	anorexia nervosa	http://www.ebi.ac.uk/efo/EFO_0004215	GCST000873	Genome-wide genotyping array
2015-06-23	23870195	Wojczynski MK	2013-07-19	BMC Med Genet	www.ncbi.nlm.nih.gov/pubmed/23870195	Genetics of coronary artery calcification among African Americans, a meta-analysis.	Coronary artery calcification	5,823 African American individuals	9,992 European ancestry individuals	5p14.1	5	26927958	CDH9	CDH9			ENSG00000113100			rs10057565-T	rs10057565	0	10057565	intron_variant	0	0.83	8E-6	5.096910013008056	(AA)	0.2	[0.12-0.28] unit increase	Affymetrix, Illumina [up to 2727966] (imputed)	N	coronary artery calcification	http://www.ebi.ac.uk/efo/EFO_0004723	GCST002097	Genome-wide genotyping array
2019-03-18	30643256	Baselmans BML	2019-01-14	Nat Genet	www.ncbi.nlm.nih.gov/pubmed/30643256	Multivariate genome-wide analyses of the well-being spectrum.	Depressive symptoms	1,067,913 European ancestry individuals	228,033 European ancestry individuals	5p14.1	5	27025293	NR	CDH9			ENSG00000113100			rs3811935-G	rs3811935	0	3811935	intron_variant	0	0.496731017615546	4E-9	8.397940008672037		0.0054969667	[0.0037-0.0073] unit decrease	NR [NR]	N	depressive symptom measurement	http://www.ebi.ac.uk/efo/EFO_0007006	GCST007340	Genome-wide genotyping array
2019-03-18	30643256	Baselmans BML	2019-01-14	Nat Genet	www.ncbi.nlm.nih.gov/pubmed/30643256	Multivariate genome-wide analyses of the well-being spectrum.	Well-being spectrum (multivariate analysis)	2,083,151 European ancestry individuals	287,239 European ancestry individuals	5p14.1	5	27025293	NR	CDH9			ENSG00000113100			rs3811935-G	rs3811935	0	3811935	intron_variant	0	0.496731017615546	2E-9	8.698970004336019		0.005497991	[0.0037-0.0073] unit decrease	NR [NR]	N	wellbeing measurement	http://www.ebi.ac.uk/efo/EFO_0007869	GCST007341	Genome-wide genotyping array
2020-07-28	32450446	Wang H	2020-04-29	Neurobiol Aging	www.ncbi.nlm.nih.gov/pubmed/32450446	Genome-wide interaction analysis of pathological hallmarks in Alzheimer's disease.	Total PHF-tau (SNP x SNP interaction)	1,285 individuals	NA	5p14.1	5	27199129	NR x NR	CDH9 - PURPL x No mapped genes						rs6895202-? x rs6792584-?	rs6895202 x rs6792584	0		intergenic_variant x intron_variant		NR	2E-8	7.698970004336019				Affymetrix, Illumina [279409] (imputed)	N	PHF-tau measurement	http://www.ebi.ac.uk/efo/EFO_0010750	GCST010340	Genome-wide genotyping array
2020-07-28	32450446	Wang H	2020-04-29	Neurobiol Aging	www.ncbi.nlm.nih.gov/pubmed/32450446	Genome-wide interaction analysis of pathological hallmarks in Alzheimer's disease.	Total PHF-tau (SNP x SNP interaction)	1,285 individuals	NA	5p14.1	5	27199129	NR x NR	No mapped genes x CDH9 - PURPL						rs10975061-? x rs6895202-?	rs10975061 x rs6895202	0		intron_variant x intergenic_variant		NR	4E-8	7.3979400086720375				Affymetrix, Illumina [279409] (imputed)	N	PHF-tau measurement	http://www.ebi.ac.uk/efo/EFO_0010750	GCST010340	Genome-wide genotyping array
2019-03-18	30643256	Baselmans BML	2019-01-14	Nat Genet	www.ncbi.nlm.nih.gov/pubmed/30643256	Multivariate genome-wide analyses of the well-being spectrum.	Life satisfaction	80,852 European ancestry individuals	NA	5p14.1	5	27001224	NR	CDH9			ENSG00000113100			rs6869941-T	rs6869941	0	6869941	intron_variant	0	0.495885672861347	1E-8	8.0		0.0070159207	[0.0046-0.0094] unit decrease	NR [NR]	N	wellbeing measurement	http://www.ebi.ac.uk/efo/EFO_0007869	GCST007337	Genome-wide genotyping array
2019-03-18	30643256	Baselmans BML	2019-01-14	Nat Genet	www.ncbi.nlm.nih.gov/pubmed/30643256	Multivariate genome-wide analyses of the well-being spectrum.	Positive affect	410,603 European ancestry individuals	NA	5p14.1	5	27025293	NR	CDH9			ENSG00000113100			rs3811935-G	rs3811935	0	3811935	intron_variant	0	0.496731017615546	8E-9	8.096910013008056		0.0066402527	[0.0044-0.0089] unit decrease	NR [NR]	N	wellbeing measurement	http://www.ebi.ac.uk/efo/EFO_0007869	GCST007338	Genome-wide genotyping array
2018-09-17	29844566	Davies G	2018-05-29	Nat Commun	www.ncbi.nlm.nih.gov/pubmed/29844566	Study of 300,486 individuals identifies 148 independent genetic loci influencing general cognitive function.	General cognitive ability	up to 300,486 European ancestry individuals	NA	5p14.1	5	27817082	NR	NA - PDE8B		ENSG00000113231			49393367	rs4074741-?	rs4074741	0	4074741	intergenic_variant	1	NR	4E-7	6.3979400086720375		5.05	z-score increase	Affymetrix, Illumina [at least 2500000] (imputed)	N	intelligence	http://www.ebi.ac.uk/efo/EFO_0004337	GCST006269	Genome-wide genotyping array
2019-04-24	30718321	Sanchez-Roige S	2019-02-04	J Neurosci	www.ncbi.nlm.nih.gov/pubmed/30718321	Genome-wide association studies of impulsive personality traits (BIS-11 and UPPSP) and drug experimentation in up to 22,861 adult research participants identify loci in the CACNA1I and CADM2 genes.	Impulsivity (attentional)	21,876 European ancestry individuals	NA	5p14.1	5	26883043	CDH9	CDH9			ENSG00000113100			rs10536720-?	rs10536720	0	10536720	intron_variant	0	0.9044	9E-7	6.045757490560675		0.093	[0.056-0.130] unit increase	Illumina [11455070] (imputed)	N	behavioural disinhibition measurement	http://www.ebi.ac.uk/efo/EFO_0006946	GCST007627	Genome-wide genotyping array
2019-03-18	30643256	Baselmans BML	2019-01-14	Nat Genet	www.ncbi.nlm.nih.gov/pubmed/30643256	Multivariate genome-wide analyses of the well-being spectrum.	Neuroticism	523,783 European ancestry individuals	59,206 European ancestry individuals	5p14.1	5	27025293	NR	CDH9			ENSG00000113100			rs3811935-G	rs3811935	0	3811935	intron_variant	0	0.496731017615546	4E-9	8.397940008672037		0.00861928	[0.0057-0.0115] unit decrease	NR [NR]	N	neuroticism measurement	http://www.ebi.ac.uk/efo/EFO_0007660	GCST007339	Genome-wide genotyping array
2020-12-04	33208821	Ishida S	2020-11-18	Commun Biol	www.ncbi.nlm.nih.gov/pubmed/33208821	Genome-wide association studies and heritability analysis reveal the involvement of host genetics in the Japanese gut microbiota.	Gut microbiota alpha diversity (Chao1 index)	541 Japanese ancestry women	NA	5p14.1	5	26655688	intergenic	NA - CCNB3P1		ENSG00000249616			84065	rs1390638-A	rs1390638	0	1390638	intergenic_variant	1	0.35	1E-6	6.0		51.2	[30.82-71.58] unit decrease	Illumina [545605]	N	gut microbiome measurement	http://www.ebi.ac.uk/efo/EFO_0007874	GCST90007012	Genome-wide genotyping array
2020-12-04	33208821	Ishida S	2020-11-18	Commun Biol	www.ncbi.nlm.nih.gov/pubmed/33208821	Genome-wide association studies and heritability analysis reveal the involvement of host genetics in the Japanese gut microbiota.	Gut microbiota alpha diversity (PD_whole_tree index)	1,068 Japanese ancestry individuals	NA	5p14.1	5	26655688	intergenic	NA - CCNB3P1		ENSG00000249616			84065	rs1390638-A	rs1390638	0	1390638	intergenic_variant	1	0.35	3E-6	5.522878745280337	(female)	1.22	[0.71-1.73] unit decrease	Illumina [6380737] (imputed)	N	gut microbiome measurement	http://www.ebi.ac.uk/efo/EFO_0007874	GCST010818	Genome-wide genotyping array
2020-12-04	33208821	Ishida S	2020-11-18	Commun Biol	www.ncbi.nlm.nih.gov/pubmed/33208821	Genome-wide association studies and heritability analysis reveal the involvement of host genetics in the Japanese gut microbiota.	Gut microbiota relative abundance (Sutterella)	1,068 Japanese ancestry individuals	NA	5p14.1	5	26430716	intergenic							rs13169349-T	rs13169349	0	13169349	intergenic_variant	1	0.27	8E-6	5.096910013008056	(female)	0.0364	[0.021-0.052] unit increase	Illumina [6380737] (imputed)	N	gut microbiome measurement	http://www.ebi.ac.uk/efo/EFO_0007874	GCST90007007	Genome-wide genotyping array
2018-10-19	30038396	Lee JJ	2018-07-23	Nat Genet	www.ncbi.nlm.nih.gov/pubmed/30038396	Gene discovery and polygenic prediction from a genome-wide association study of educational attainment in 1.1 million individuals.	Educational attainment (years of education)	up to 1,131,881 European ancestry individuals	NA	5p14.1	5	26774033		CCNB3P1 - NA	ENSG00000249616			32850		rs4263475-A	rs4263475	0	4263475	intergenic_variant	1	0.5814	4E-8	7.3979400086720375		0.0078	[0.0051-0.0105] unit increase	Affymetrix, Illumina [10000000] (imputed)	N	self reported educational attainment	http://www.ebi.ac.uk/efo/EFO_0004784	GCST006442	Genome-wide genotyping array
2018-10-19	30038396	Lee JJ	2018-07-23	Nat Genet	www.ncbi.nlm.nih.gov/pubmed/30038396	Gene discovery and polygenic prediction from a genome-wide association study of educational attainment in 1.1 million individuals.	Educational attainment (years of education)	up to 1,131,881 European ancestry individuals	NA	5p14.1	5	26896846		CDH9			ENSG00000113100			rs115017135-A	rs115017135	0	115017135	intron_variant	0	0.0409	5E-8	7.301029995663981		0.0206	[0.013-0.028] unit decrease	Affymetrix, Illumina [10000000] (imputed)	N	self reported educational attainment	http://www.ebi.ac.uk/efo/EFO_0004784	GCST006442	Genome-wide genotyping array
2018-10-19	30038396	Lee JJ	2018-07-23	Nat Genet	www.ncbi.nlm.nih.gov/pubmed/30038396	Gene discovery and polygenic prediction from a genome-wide association study of educational attainment in 1.1 million individuals.	Educational attainment (years of education)	up to 1,131,881 European ancestry individuals	NA	5p14.1	5	26898520		CDH9			ENSG00000113100			rs13168136-A	rs13168136	0	13168136	intron_variant	0	0.7668	3E-8	7.522878745280337		0.0092	[0.0059-0.0125] unit decrease	Affymetrix, Illumina [10000000] (imputed)	N	self reported educational attainment	http://www.ebi.ac.uk/efo/EFO_0004784	GCST006442	Genome-wide genotyping array
2018-10-19	30038396	Lee JJ	2018-07-23	Nat Genet	www.ncbi.nlm.nih.gov/pubmed/30038396	Gene discovery and polygenic prediction from a genome-wide association study of educational attainment in 1.1 million individuals.	Educational attainment (years of education)	up to 1,131,881 European ancestry individuals	NA	5p14.1	5	26913666		CDH9			ENSG00000113100			rs17563464-A	rs17563464	0	17563464	intron_variant	0	0.2173	2E-17	16.69897000433602		0.0147	[0.011-0.018] unit decrease	Affymetrix, Illumina [10000000] (imputed)	N	self reported educational attainment	http://www.ebi.ac.uk/efo/EFO_0004784	GCST006442	Genome-wide genotyping array
2020-04-17	31669095	Zhu Z	2019-10-24	J Allergy Clin Immunol	www.ncbi.nlm.nih.gov/pubmed/31669095	Shared Genetic and Experimental Links between Obesity-Related Traits and Asthma Subtypes in UK Biobank.	Body mass index	457,822 European ancestry individuals	NA	5p14.1	5	27188711	NR	CDH9 - PURPL	ENSG00000113100	ENSG00000250337		67561	29003	rs72740699-?	rs72740699	0	72740699	intergenic_variant	1	NR	7E-10	9.154901959985743				Affymetrix [~ 8270000] (imputed)	N	body mass index	http://www.ebi.ac.uk/efo/EFO_0004340	GCST009871	Genome-wide genotyping array
2018-11-12	30038396	Lee JJ	2018-07-23	Nat Genet	www.ncbi.nlm.nih.gov/pubmed/30038396	Gene discovery and polygenic prediction from a genome-wide association study of educational attainment in 1.1 million individuals.	Highest math class taken (MTAG)	811,539 European ancestry individuals	NA	5p14.1	5	26880816	Intergenic	CDH9			ENSG00000113100			rs75973558-A	rs75973558	0	75973558	3_prime_UTR_variant	0	0.8739	1E-14	14.0	(MTAG)	0.0192	[0.014-0.024] unit increase	Affymetrix, Illumina [7100000] (imputed)	N	mathematical ability	http://www.ebi.ac.uk/efo/EFO_0004875	GCST006568	Genome-wide genotyping array
2018-11-12	30038396	Lee JJ	2018-07-23	Nat Genet	www.ncbi.nlm.nih.gov/pubmed/30038396	Gene discovery and polygenic prediction from a genome-wide association study of educational attainment in 1.1 million individuals.	Highest math class taken (MTAG)	811,539 European ancestry individuals	NA	5p14.1	5	27305535	Intergenic	PURPL			ENSG00000250337			rs6896867-A	rs6896867	0	6896867	intron_variant	0	0.7062	2E-8	7.698970004336019	(MTAG)	0.0102	[0.0067-0.0137] unit decrease	Affymetrix, Illumina [7100000] (imputed)	N	mathematical ability	http://www.ebi.ac.uk/efo/EFO_0004875	GCST006568	Genome-wide genotyping array
2018-11-12	30038396	Lee JJ	2018-07-23	Nat Genet	www.ncbi.nlm.nih.gov/pubmed/30038396	Gene discovery and polygenic prediction from a genome-wide association study of educational attainment in 1.1 million individuals.	Highest math class taken (MTAG)	811,539 European ancestry individuals	NA	5p14.1	5	27776184	Intergenic	PURPL - LINC02103	ENSG00000250337	ENSG00000249785		279190	509780	rs6882059-T	rs6882059	0	6882059	intergenic_variant	1	0.6408	3E-8	7.522878745280337	(MTAG)	0.0095	[0.0062-0.0128] unit decrease	Affymetrix, Illumina [7100000] (imputed)	N	mathematical ability	http://www.ebi.ac.uk/efo/EFO_0004875	GCST006568	Genome-wide genotyping array
2018-10-19	30038396	Lee JJ	2018-07-23	Nat Genet	www.ncbi.nlm.nih.gov/pubmed/30038396	Gene discovery and polygenic prediction from a genome-wide association study of educational attainment in 1.1 million individuals.	Educational attainment (years of education)	up to 1,131,881 European ancestry individuals	NA	5p14.1	5	26880816		CDH9			ENSG00000113100			rs75973558-A	rs75973558	0	75973558	3_prime_UTR_variant	0	0.8736	3E-14	13.522878745280337	(conditional-joint)	0.0164	[0.012-0.021] unit increase	Affymetrix, Illumina [10000000] (imputed)	N	self reported educational attainment	http://www.ebi.ac.uk/efo/EFO_0004784	GCST006442	Genome-wide genotyping array
2022-11-18	34924174	Mitchell BL	2021-11-02	Biol Psychiatry	www.ncbi.nlm.nih.gov/pubmed/34924174	The Australian Genetics of Depression Study: New Risk Loci and Dissecting Heterogeneity Between Subtypes.	Depression	13,318 European ancestry cases, 12,684 European ancestry controls, 246,363 cases, 561,190 controls	NA	5p14.1	5	26977404		CDH9			ENSG00000113100			rs1366461-?	rs1366461	0	1366461	intron_variant	0	NR	3E-8	7.522878745280337		0.0151	unit decrease	Illumina [7617771] (imputed)	N	unipolar depression	http://www.ebi.ac.uk/efo/EFO_0003761	GCST90239706	Genome-wide genotyping array
2019-02-08	30595370	Kichaev G	2018-12-27	Am J Hum Genet	www.ncbi.nlm.nih.gov/pubmed/30595370	Leveraging Polygenic Functional Enrichment to Improve GWAS Power.	Lung function (FVC)	approximately 372,000 European ancestry individuals	NA	5p14.1	5	27636685								rs10214145-?	rs10214145	0	10214145	intergenic_variant	1	NR	1E-10	10.0				NR [~ 8900000] (imputed)	N	vital capacity	http://www.ebi.ac.uk/efo/EFO_0004312	GCST007081	Genome-wide genotyping array
2021-03-30	32778093	He B	2020-08-10	BMC Biol	www.ncbi.nlm.nih.gov/pubmed/32778093	Genome-wide pQTL analysis of protein expression regulatory networks in the human liver.	Protein quantitative trait loci (liver)	172 European ancestry individuals, 29 Black individuals, 86 individuals	NA	5p14.1	5	26420546	NR							rs112087783-C	rs112087783	0	112087783	intergenic_variant	1	0.01916	1E-8	8.0	(APOC1)	0.02944	NR unit increase	Illumina [1671387] (imputed)	N	protein measurement	http://www.ebi.ac.uk/efo/EFO_0004747	GCST011427	Genome-wide genotyping array
2022-07-07	35589828	Kim S	2022-05-19	Nat Hum Behav	www.ncbi.nlm.nih.gov/pubmed/35589828	Shared genetic architectures of subjective well-being in East Asian and European ancestry populations.	Subjective well-being	110,919 Korean ancestry individuals, 563,176 European ancestry individuals	NA	5p14.1	5	27025293		CDH9			ENSG00000113100			rs3811935-A	rs3811935	0	3811935	intron_variant	0	NR	1E-6	6.0		0.008454068	unit decrease	NR [NR] (imputed)	N	wellbeing measurement	http://www.ebi.ac.uk/efo/EFO_0007869	GCST90128421	Genome-wide genotyping array
2022-04-05	34855049	Pasman JA	2021-12-02	Behav Genet	www.ncbi.nlm.nih.gov/pubmed/34855049	Genetic Risk for Smoking: Disentangling Interplay Between Genes and Socioeconomic Status.	Educational attainment	451,800 European or unknown ancestry individuals	NA	5p14.1	5	26881976		CDH9			ENSG00000113100			rs1479679-?	rs1479679	0	1479679	intron_variant	0	NR	6E-12	11.221848749616356				NR [1300000]	N	educational attainment	http://www.ebi.ac.uk/efo/EFO_0011015	GCST90100570	Genome-wide genotyping array
2022-06-16	35681050	Andreu-Sanchez S	2022-06-09	Commun Biol	www.ncbi.nlm.nih.gov/pubmed/35681050	Genetic, parental and lifestyle factors influence telomere length.	B-cell telomere length	902 European ancestry individuals	NA	5p14.1	5	26950921		CDH9			ENSG00000113100			rs34623406-T	rs34623406	0	34623406	intron_variant	0	NR	2E-7	6.698970004336019		0.1716161	[0.11-0.24] unit increase	Illumina [5327634] (imputed)	N	telomere length	http://www.ebi.ac.uk/efo/EFO_0004505	GCST90101891	Genome-wide genotyping array
2018-11-12	30038396	Lee JJ	2018-07-23	Nat Genet	www.ncbi.nlm.nih.gov/pubmed/30038396	Gene discovery and polygenic prediction from a genome-wide association study of educational attainment in 1.1 million individuals.	Self-reported math ability (MTAG)	670,471 European ancestry individuals	NA	5p14.1	5	26880816	Intergenic	CDH9			ENSG00000113100			rs75973558-A	rs75973558	0	75973558	3_prime_UTR_variant	0	0.8738	3E-8	7.522878745280337	(MTAG)	0.015	[0.0097-0.0203] unit increase	Affymetrix, Illumina [7100000] (imputed)	N	mathematical ability	http://www.ebi.ac.uk/efo/EFO_0004875	GCST006569	Genome-wide genotyping array
2018-11-12	30038396	Lee JJ	2018-07-23	Nat Genet	www.ncbi.nlm.nih.gov/pubmed/30038396	Gene discovery and polygenic prediction from a genome-wide association study of educational attainment in 1.1 million individuals.	Educational attainment (MTAG)	1,311,438 European ancestry individuals	NA	5p14.1	5	26774033	Intergenic	CCNB3P1 - NA	ENSG00000249616			32850		rs4263475-A	rs4263475	0	4263475	intergenic_variant	1	0.5814	1E-8	8.0	(MTAG)	0.0076	[0.0051-0.0101] unit increase	Affymetrix, Illumina [7100000] (imputed)	N	self reported educational attainment	http://www.ebi.ac.uk/efo/EFO_0004784	GCST006571	Genome-wide genotyping array
2018-11-12	30038396	Lee JJ	2018-07-23	Nat Genet	www.ncbi.nlm.nih.gov/pubmed/30038396	Gene discovery and polygenic prediction from a genome-wide association study of educational attainment in 1.1 million individuals.	Educational attainment (MTAG)	1,311,438 European ancestry individuals	NA	5p14.1	5	26913666	Intergenic	CDH9			ENSG00000113100			rs17563464-A	rs17563464	0	17563464	intron_variant	0	0.2173	3E-19	18.522878745280337	(MTAG)	0.0144	[0.011-0.018] unit decrease	Affymetrix, Illumina [7100000] (imputed)	N	self reported educational attainment	http://www.ebi.ac.uk/efo/EFO_0004784	GCST006571	Genome-wide genotyping array
2018-11-12	30038396	Lee JJ	2018-07-23	Nat Genet	www.ncbi.nlm.nih.gov/pubmed/30038396	Gene discovery and polygenic prediction from a genome-wide association study of educational attainment in 1.1 million individuals.	Educational attainment (MTAG)	1,311,438 European ancestry individuals	NA	5p14.1	5	27305535	Intergenic	PURPL			ENSG00000250337			rs6896867-A	rs6896867	0	6896867	intron_variant	0	0.7067	3E-9	8.522878745280337	(MTAG)	0.0086	[0.0057-0.0115] unit decrease	Affymetrix, Illumina [7100000] (imputed)	N	self reported educational attainment	http://www.ebi.ac.uk/efo/EFO_0004784	GCST006571	Genome-wide genotyping array
2022-02-24	35115689	Qin Y	2022-02-03	Nat Genet	www.ncbi.nlm.nih.gov/pubmed/35115689	Combined effects of host genetics and diet on human gut microbiota and incident disease in a single population cohort.	Fusobacterium A abundance in stool	5,959 Finnish ancestry individuals	NA	5p14.1	5	26493436		RNU4-43P - CCNB3P1	ENSG00000222560	ENSG00000249616		480411	246317	rs185190675-C	rs185190675	0	185190675	intergenic_variant	1	0.0122136	1E-9	9.0		0.17501	[0.12-0.23] unit increase	Illumina [7980478] (imputed)	N	gut microbiome measurement	http://www.ebi.ac.uk/efo/EFO_0007874	GCST90032406	Genome-wide genotyping array
2021-01-13	33414549	Demange PA	2021-01-07	Nat Genet	www.ncbi.nlm.nih.gov/pubmed/33414549	Investigating the genetic architecture of noncognitive skills using GWAS-by-subtraction.	Cognitive aspects of educational attainment	257,700 European ancestry individuals	NA	5p14.1	5	26880816	NR	CDH9			ENSG00000113100			rs75973558-A	rs75973558	0	75973558	3_prime_UTR_variant	0	0.112326	9E-9	8.045757490560675		0.05713083	[0.038-0.077] unit increase	Affymetrix, Illumina, Perlegen [7305956] (imputed)	N	cognitive function measurement, self reported educational attainment	http://www.ebi.ac.uk/efo/EFO_0008354, http://www.ebi.ac.uk/efo/EFO_0004784	GCST90011875	Genome-wide genotyping array
2022-07-19	35320353	Kulyte A	2022-03-23	Diabetes	www.ncbi.nlm.nih.gov/pubmed/35320353	Genome-wide Association Study Identifies Genetic Loci Associated with Fat Cell Number and Overlap with Genetic Risk Loci For Type 2 Diabetes.	Abdominal fat cell number	896 individuals	NA	5p14.1	5	26903054		CDH9			ENSG00000113100			rs138455466-C	rs138455466	0	138455466	non_coding_transcript_exon_variant	0	0.01	9E-6	5.045757490560675		0.145	[0.08-0.21] unit increase	NR [9714326]	N	abdominal fat cell number	http://www.ebi.ac.uk/efo/EFO_0021534	GCST90104785	Genome-wide genotyping array
2022-09-01	31882771	Al-Khelaifi F	2019-12-27	Sci Rep	www.ncbi.nlm.nih.gov/pubmed/31882771	Metabolic GWAS of elite athletes reveals novel genetically-influenced metabolites associated with athletic performance.	5alpha-androstan-3alpha,17beta-diol disulfate levels in elite athletes	490 individuals	NA	5p14.1	5	27747946		PURPL - LINC02103	ENSG00000250337	ENSG00000249785		250952	538018	rs10454836-?	rs10454836	0	10454836	intergenic_variant	1	NR	1E-5	5.0		0.3002464	[0.17-0.43] unit increase	Illumina [275016]	N	lipid measurement	http://www.ebi.ac.uk/efo/EFO_0004529	GCST90133841	Genome-wide genotyping array
2018-11-12	30038396	Lee JJ	2018-07-23	Nat Genet	www.ncbi.nlm.nih.gov/pubmed/30038396	Gene discovery and polygenic prediction from a genome-wide association study of educational attainment in 1.1 million individuals.	Cognitive performance	257,841 European ancestry individuals	NA	5p14.1	5	26880816	Intergenic	CDH9			ENSG00000113100			rs75973558-A	rs75973558	0	75973558	3_prime_UTR_variant	0	0.8688	7E-9	8.154901959985743		0.0246	[0.016-0.033] unit increase	Affymetrix, Illumina [10100000] (imputed)	N	cognitive function measurement	http://www.ebi.ac.uk/efo/EFO_0008354	GCST006572	Genome-wide genotyping array
2021-03-30	32778093	He B	2020-08-10	BMC Biol	www.ncbi.nlm.nih.gov/pubmed/32778093	Genome-wide pQTL analysis of protein expression regulatory networks in the human liver.	Protein quantitative trait loci (liver)	172 European ancestry individuals, 29 Black individuals, 86 individuals	NA	5p14.1	5	26862492	NR	NA - CDH9		ENSG00000113100			18105	rs7718060-T	rs7718060	0	7718060	intergenic_variant	1	0.0122	4E-10	9.397940008672037	(TXNL1)	0.07122	NR unit increase	Illumina [1671387] (imputed)	N	protein measurement	http://www.ebi.ac.uk/efo/EFO_0004747	GCST011427	Genome-wide genotyping array
2021-11-16	34226706	Barton AR	2021-07-05	Nat Genet	www.ncbi.nlm.nih.gov/pubmed/34226706	Whole-exome imputation within UK Biobank powers rare coding variant association and fine-mapping analyses.	Lipoprotein (a) levels	348,806 European ancestry individuals	NA	5p14.1	5	26881387		CDH9			ENSG00000113100			rs375707694-?	rs375707694	0	375707694	missense_variant	0	NR	2E-9	8.698970004336019		1.66522	[0.95-2.38] unit decrease	NR [9800000] (imputed)	N	lipoprotein A measurement	http://www.ebi.ac.uk/efo/EFO_0006925	GCST90025993	Genome-wide genotyping array
2018-11-12	30038396	Lee JJ	2018-07-23	Nat Genet	www.ncbi.nlm.nih.gov/pubmed/30038396	Gene discovery and polygenic prediction from a genome-wide association study of educational attainment in 1.1 million individuals.	Cognitive performance (MTAG)	402,382 European ancestry individuals	NA	5p14.1	5	26880816	Intergenic	CDH9			ENSG00000113100			rs75973558-A	rs75973558	0	75973558	3_prime_UTR_variant	0	0.8688	3E-14	13.522878745280337	(MTAG)	0.0259	[0.019-0.033] unit increase	Affymetrix, Illumina [7100000] (imputed)	N	cognitive function measurement	http://www.ebi.ac.uk/efo/EFO_0008354	GCST006570	Genome-wide genotyping array
2021-09-30	34045744	Levey DF	2021-05-27	Nat Neurosci	www.ncbi.nlm.nih.gov/pubmed/34045744	Bi-ancestral depression GWAS in the Million Veteran Program and meta-analysis in >1.2 million individuals highlight new therapeutic directions.	Major depressive disorder	340,591 European ancestry cases, 813,676 European ancestry controls	455,350 cases, 887,428 controls	5p14.1	5	27024429		CDH9			ENSG00000113100			rs10805794-?	rs10805794	0	10805794	intron_variant	0	NR	2E-8	7.698970004336019		0.0166	unit decrease	NR [NR]	N	unipolar depression	http://www.ebi.ac.uk/efo/EFO_0003761	GCST90020227	Genome-wide genotyping array
2022-09-28	34282934	Fan W	2021-07-20	mSystems	www.ncbi.nlm.nih.gov/pubmed/34282934	Association between Human Genetic Variants and the Vaginal Bacteriome of Pregnant Women.	Vaginal microbiome MetaCyc pathway (P163-PWY|L-lysine fermentation to acetate and butanoate)	315 Chinese ancestry individuals	NA	5p14.1	5	26636954		RNU4-43P - CCNB3P1	ENSG00000222560	ENSG00000249616		623929	102799	rs6879404-A	rs6879404	0	6879404	intergenic_variant	1	NR	1E-5	5.0		0.5196	[0.29-0.75] unit increase	Illumina [492582]	N	vaginal microbiome measurement	http://www.ebi.ac.uk/efo/EFO_0011013	GCST90026766	Genome-wide genotyping array
2022-07-01	35361970	Okbay A	2022-03-31	Nat Genet	www.ncbi.nlm.nih.gov/pubmed/35361970	Polygenic prediction of educational attainment within and between families from genome-wide association analyses in 3 million individuals.	Educational attainment	3,037,499 European ancestry individuals	NA	5p14.1	5	26913666		CDH9			ENSG00000113100			rs17563464-A	rs17563464	0	17563464	intron_variant	0	0.2189	2E-23	22.69897000433602		0.0126827	[0.01-0.015] unit decrease	Illumina [10675380] (imputed)	N	educational attainment	http://www.ebi.ac.uk/efo/EFO_0011015	GCST90105038	Genome-wide genotyping array
2022-07-01	35361970	Okbay A	2022-03-31	Nat Genet	www.ncbi.nlm.nih.gov/pubmed/35361970	Polygenic prediction of educational attainment within and between families from genome-wide association analyses in 3 million individuals.	Educational attainment	3,037,499 European ancestry individuals	NA	5p14.1	5	27161065		CDH9 - PURPL	ENSG00000113100	ENSG00000250337		39915	56649	rs7707006-A	rs7707006	0	7707006	intergenic_variant	1	0.2846	5E-9	8.301029995663981		0.00679053	[0.0045-0.0091] unit increase	Illumina [10675380] (imputed)	N	educational attainment	http://www.ebi.ac.uk/efo/EFO_0011015	GCST90105038	Genome-wide genotyping array
2022-07-01	35361970	Okbay A	2022-03-31	Nat Genet	www.ncbi.nlm.nih.gov/pubmed/35361970	Polygenic prediction of educational attainment within and between families from genome-wide association analyses in 3 million individuals.	Educational attainment	3,037,499 European ancestry individuals	NA	5p14.1	5	27776184		PURPL - LINC02103	ENSG00000250337	ENSG00000249785		279190	509780	rs6882059-T	rs6882059	0	6882059	intergenic_variant	1	0.6418	5E-7	6.301029995663981		0.00552331	[0.0034-0.0077] unit decrease	Illumina [10675380] (imputed)	N	educational attainment	http://www.ebi.ac.uk/efo/EFO_0011015	GCST90105038	Genome-wide genotyping array
2021-12-14	34594039	Sakaue S	2021-09-30	Nat Genet	www.ncbi.nlm.nih.gov/pubmed/34594039	A cross-population atlas of genetic associations for 220 human phenotypes.	Body mass index	359,983 European ancestry individuals, 163,835 East Asian ancestry individuals	NA	5p14.1	5	27186153		CDH9 - PURPL	ENSG00000113100	ENSG00000250337		65003	31561	rs141247449-ATT	rs141247449	0	141247449	intergenic_variant	1	NR	1E-10	10.0		0.0167	[0.012-0.022] unit decrease	Affymetrix, Illumina [20538802] (imputed)	N	body mass index	http://www.ebi.ac.uk/efo/EFO_0004340	GCST90018947	Genome-wide genotyping array
2021-12-14	34594039	Sakaue S	2021-09-30	Nat Genet	www.ncbi.nlm.nih.gov/pubmed/34594039	A cross-population atlas of genetic associations for 220 human phenotypes.	Weight	360,116 European ancestry individuals, 165,419 East Asian ancestry individuals	NA	5p14.1	5	27186153		CDH9 - PURPL	ENSG00000113100	ENSG00000250337		65003	31561	rs141247449-ATT	rs141247449	0	141247449	intergenic_variant	1	NR	4E-8	7.3979400086720375		0.0127	[0.0082-0.0172] unit decrease	Affymetrix, Illumina [20539548] (imputed)	N	body weight	http://www.ebi.ac.uk/efo/EFO_0004338	GCST90018949	Genome-wide genotyping array
2020-07-28	32450446	Wang H	2020-04-29	Neurobiol Aging	www.ncbi.nlm.nih.gov/pubmed/32450446	Genome-wide interaction analysis of pathological hallmarks in Alzheimer's disease.	Total PHF-tau (SNP x SNP interaction)	1,285 individuals	NA	15q12 x 5q11.2	15 x 5	26714882 x 52073151	NR x NR	GABRB3 x LINC02118						rs2114217-? x rs11741572-?	rs2114217 x rs11741572	0		intron_variant x intron_variant		NR	2E-9	8.698970004336019				Affymetrix, Illumina [279409] (imputed)	N	PHF-tau measurement	http://www.ebi.ac.uk/efo/EFO_0010750	GCST010340	Genome-wide genotyping array
