DATE ADDED TO CATALOG	PUBMEDID	FIRST AUTHOR	DATE	JOURNAL	LINK	STUDY	DISEASE/TRAIT	INITIAL SAMPLE SIZE	REPLICATION SAMPLE SIZE	REGION	CHR_ID	CHR_POS	REPORTED GENE(S)	MAPPED_GENE	UPSTREAM_GENE_ID	DOWNSTREAM_GENE_ID	SNP_GENE_IDS	UPSTREAM_GENE_DISTANCE	DOWNSTREAM_GENE_DISTANCE	STRONGEST SNP-RISK ALLELE	SNPS	MERGED	SNP_ID_CURRENT	CONTEXT	INTERGENIC	RISK ALLELE FREQUENCY	P-VALUE	PVALUE_MLOG	P-VALUE (TEXT)	OR or BETA	95% CI (TEXT)	PLATFORM [SNPS PASSING QC]	CNV	MAPPED_TRAIT	MAPPED_TRAIT_URI	STUDY ACCESSION	GENOTYPING TECHNOLOGY
2015-09-23	25562672	Byrne EM	2014-12-09	J Clin Psychiatry	www.ncbi.nlm.nih.gov/pubmed/25562672	Seasonality shows evidence for polygenic architecture and genetic correlation with schizophrenia and bipolar disorder.	Seasonality	3,269 European ancestry individuals	887 Old order Amish individuals	10q26.13	10	123209485	OTTHUMG00000019196	RPS26P39 - NA	ENSG00000227586			37610		rs12411769-A	rs12411769	0	12411769	intergenic_variant	1	NR	2E-6	5.698970004336019		1.78	[1.04-2.52] unit decrease	Affymetrix, Illumina [2354422] (imputed)	N	seasonality measurement	http://www.ebi.ac.uk/efo/EFO_0006876	GCST002719	Genome-wide genotyping array
2020-07-14	32154731	Ripatti P	2020-03-10	Circ Genom Precis Med	www.ncbi.nlm.nih.gov/pubmed/32154731	Polygenic Hyperlipidemias and Coronary Artery Disease Risk.	Low density lipoprotein cholesterol levels	324,708 British ancestry individuals	NA	10q26.13	10	122927140	ACADSB	FAM24A - C10orf88	ENSG00000203795	ENSG00000119965		14029	3761	rs10794579-?	rs10794579	0	10794579	intergenic_variant	1	NR	7E-20	19.154901959985743		0.0237	[0.019-0.028] unit decrease	Affymetrix [5701386] (imputed)	N	low density lipoprotein cholesterol measurement	http://www.ebi.ac.uk/efo/EFO_0004611	GCST010204	Genome-wide genotyping array
2020-07-21	32203549	Richardson TG	2020-03-23	PLoS Med	www.ncbi.nlm.nih.gov/pubmed/32203549	Evaluating the relationship between circulating lipoprotein lipids and apolipoproteins with risk of coronary heart disease: A multivariable Mendelian randomisation analysis.	LDL cholesterol levels	440,546 European ancestry individuals	NA	10q26.13	10	122945791	C10orf88	C10orf88			ENSG00000119965			rs12246352-A	rs12246352	0	12246352	intron_variant	0	0.896104	7E-14	13.154901959985743		0.025694	[0.019-0.032] unit decrease	Affymetrix [NR] (imputed)	N	low density lipoprotein cholesterol measurement	http://www.ebi.ac.uk/efo/EFO_0004611	GCST010245	Genome-wide genotyping array
2019-12-03	29083408	Liu DJ	2017-10-30	Nat Genet	www.ncbi.nlm.nih.gov/pubmed/29083408	Exome-wide association study of plasma lipids in >300,000 individuals.	Low density lipoprotein cholesterol levels	up to 237,050 European ancestry individuals	NA	10q26.13	10	122850511	NR	FAM24B			ENSG00000213185			rs1891110-A	rs1891110	0	1891110	missense_variant	0	0.56	2E-12	11.698970004336019		0.022	unit increase	Illumina [242289]	N	low density lipoprotein cholesterol measurement	http://www.ebi.ac.uk/efo/EFO_0004611	GCST009147	Exome genotyping array [Exome array]
2019-12-03	29083408	Liu DJ	2017-10-30	Nat Genet	www.ncbi.nlm.nih.gov/pubmed/29083408	Exome-wide association study of plasma lipids in >300,000 individuals.	Low density lipoprotein cholesterol levels	up to 237,050 European ancestry individuals, up to 16,935 African ancestry individuals, up to 30,468 South Asian ancestry individuals, up to 8,287 East Asian ancestry individuals, 5,084 Hispanic individuals	up to 286,268 European and unknown ancestry individuals	10q26.13	10	122850511	NR	FAM24B			ENSG00000213185			rs1891110-A	rs1891110	0	1891110	missense_variant	0	NR	2E-31	30.69897000433602		0.021799302	[0.018-0.025] unit increase	Illumina [242289]	N	low density lipoprotein cholesterol measurement	http://www.ebi.ac.uk/efo/EFO_0004611	GCST009150	Exome genotyping array [Exome array]
2020-07-21	32203549	Richardson TG	2020-03-23	PLoS Med	www.ncbi.nlm.nih.gov/pubmed/32203549	Evaluating the relationship between circulating lipoprotein lipids and apolipoproteins with risk of coronary heart disease: A multivariable Mendelian randomisation analysis.	Apolipoprotein B levels	439,214 European ancestry individuals	NA	10q26.13	10	122945791	C10orf88	C10orf88			ENSG00000119965			rs12246352-A	rs12246352	0	12246352	intron_variant	0	0.89611	5E-13	12.301029995663981		0.0246753	[0.018-0.031] unit decrease	Affymetrix [NR] (imputed)	N	apolipoprotein B measurement	http://www.ebi.ac.uk/efo/EFO_0004615	GCST010243	Genome-wide genotyping array
2022-07-04	33462482	Ruhlemann MC	2021-01-18	Nat Genet	www.ncbi.nlm.nih.gov/pubmed/33462482	Genome-wide association study in 8,956 German individuals identifies influence of ABO histo-blood groups on gut microbiome.	OTU99_47 (Prevotella) prevalence	8,956 German ancestry individuals	NA	10q26.13	10	122953445		C10orf88			ENSG00000119965			rs1106056-?	rs1106056	0	1106056	intron_variant	0	NR	8E-7	6.096910013008056		0.30948496	[0.19-0.43] unit increase	NR [6900000] (imputed)	N	gut microbiome measurement	http://www.ebi.ac.uk/efo/EFO_0007874	GCST90011661	Genome-wide genotyping array
2019-02-13	29507422	Hoffmann TJ	2018-03-05	Nat Genet	www.ncbi.nlm.nih.gov/pubmed/29507422	A large electronic-health-record-based genome-wide study of serum lipids.	Low density lipoprotein cholesterol levels	265,204 European ancestry individuals, 7,795 Hispanic individuals, 6,855 East Asian ancestry individuals, 2,958 African American individuals, 439 South Asian ancestry individuals	NA	10q26.13	10	122898293	NR	C10orf88B			ENSG00000255624			rs7902274-G	rs7902274	0	7902274	non_coding_transcript_exon_variant	0	NR	3E-9	8.522878745280337		0.019	unit decrease	Affymetrix [at least 7091467] (imputed)	N	low density lipoprotein cholesterol measurement	http://www.ebi.ac.uk/efo/EFO_0004611	GCST007131	Genome-wide genotyping array
2017-08-30	27863252	Astle WJ	2016-11-17	Cell	www.ncbi.nlm.nih.gov/pubmed/27863252	The Allelic Landscape of Human Blood Cell Trait Variation and Links to Common Complex Disease.	Red cell distribution width	171,529 European ancestry individuals	NA	10q26.13	10	122918383	intergenic	FAM24A - C10orf88	ENSG00000203795	ENSG00000119965		5272	12518	rs6599636-G	rs6599636	0	6599636	intergenic_variant	1	0.5362	1E-16	16.0		0.02932023	[0.022-0.036] unit decrease	Affymetrix [~ 2500000] (imputed)	N	red blood cell distribution width	http://www.ebi.ac.uk/efo/EFO_0005192	GCST004621	Genome-wide genotyping array
2020-09-18	32888494	Vuckovic D	2020-09-01	Cell	www.ncbi.nlm.nih.gov/pubmed/32888494	The Polygenic and Monogenic Basis of Blood Traits and Diseases.	High light scatter reticulocyte count	408,112 British individuals	NA	10q26.13	10	122945179	C10orf88	C10orf88			ENSG00000119965			rs9423289-T	rs9423289	0	9423289	intron_variant	0	0.576159	3E-11	10.522878745280337		0.014985361	[0.011-0.019] unit decrease	Affymetrix [93095623] (imputed)	N	reticulocyte count	http://www.ebi.ac.uk/efo/EFO_0007986	GCST90002385	Genome-wide genotyping array
2020-07-28	32450446	Wang H	2020-04-29	Neurobiol Aging	www.ncbi.nlm.nih.gov/pubmed/32450446	Genome-wide interaction analysis of pathological hallmarks in Alzheimer's disease.	Diffuse plaques (SNP x SNP interaction)	1,316 individuals	NA	10q26.13	10	122639951	NR x NR	No mapped genes x DMBT1						rs2600374-? x rs2261655-?	rs2600374 x rs2261655	0		non_coding_transcript_exon_variant x intron_variant		NR	7E-8	7.154901959985743				Affymetrix, Illumina [279409] (imputed)	N	diffuse plaque measurement	http://www.ebi.ac.uk/efo/EFO_0010699	GCST010341	Genome-wide genotyping array
2019-02-13	29507422	Hoffmann TJ	2018-03-05	Nat Genet	www.ncbi.nlm.nih.gov/pubmed/29507422	A large electronic-health-record-based genome-wide study of serum lipids.	Total cholesterol levels	265,204 European ancestry individuals, 7,795 Hispanic individuals, 6,855 East Asian ancestry individuals, 2,958 African American individuals, 439 South Asian ancestry individuals	NA	10q26.13	10	122898293	NR	C10orf88B			ENSG00000255624			rs7902274-G	rs7902274	0	7902274	non_coding_transcript_exon_variant	0	NR	5E-8	7.301029995663981		0.018	unit decrease	Affymetrix [at least 7091467] (imputed)	N	total cholesterol measurement	http://www.ebi.ac.uk/efo/EFO_0004574	GCST007134	Genome-wide genotyping array
2019-07-05	30698716	de Vries PS	2019-01-29	Am J Epidemiol	www.ncbi.nlm.nih.gov/pubmed/30698716	Multi-Ancestry Genome-Wide Association Study of Lipid Levels Incorporating Gene-Alcohol Interactions.	LDL cholesterol levels x alcohol consumption (drinkers vs non-drinkers) interaction (2df)	56,505 European ancestry current drinkers, 9,870 African American current drinkers, 2,491 Asian ancestry current drinkers, 2,528 Hispanic current drinkers, 33,388 European ancestry non-drinkers, 11,119 African American non-drinkers, 9,959 Asian ancestry non-drinkers, 1,466 Hispanic non-drinkers	107,548 European ancestry current drinkers, 2,028 African American or Afro-Caribbean current drinkers, 41,240 Asian ancestry current drinkers, 6,622 Hispanic individuals, 1,984 Brazilian ancestry individuals, 29,438 European ancestry non-drinkers, 2,447 African American or Afro-Caribbean non-drinkers, 67,191 Asian ancestry non-drinkers, 7,092 Hispanic non-drinkers, 1,668 Brazilian ancestry non-drinkers	10q26.13	10	122934071	C10orf88	C10orf88			ENSG00000119965			rs7904973-T	rs7904973	0	7904973	intron_variant	0	NR	3E-11	10.522878745280337	(EA)			Affymetrix, Illumina [NR] (imputed)	N	low density lipoprotein cholesterol measurement, alcohol drinking	http://www.ebi.ac.uk/efo/EFO_0004611, http://www.ebi.ac.uk/efo/EFO_0004329	GCST008079	Genome-wide genotyping array
2019-07-05	30698716	de Vries PS	2019-01-29	Am J Epidemiol	www.ncbi.nlm.nih.gov/pubmed/30698716	Multi-Ancestry Genome-Wide Association Study of Lipid Levels Incorporating Gene-Alcohol Interactions.	LDL cholesterol levels x alcohol consumption (drinkers vs non-drinkers) interaction (2df)	56,505 European ancestry current drinkers, 9,870 African American current drinkers, 2,491 Asian ancestry current drinkers, 2,528 Hispanic current drinkers, 33,388 European ancestry non-drinkers, 11,119 African American non-drinkers, 9,959 Asian ancestry non-drinkers, 1,466 Hispanic non-drinkers	107,548 European ancestry current drinkers, 2,028 African American or Afro-Caribbean current drinkers, 41,240 Asian ancestry current drinkers, 6,622 Hispanic individuals, 1,984 Brazilian ancestry individuals, 29,438 European ancestry non-drinkers, 2,447 African American or Afro-Caribbean non-drinkers, 67,191 Asian ancestry non-drinkers, 7,092 Hispanic non-drinkers, 1,668 Brazilian ancestry non-drinkers	10q26.13	10	122934071	C10orf88	C10orf88			ENSG00000119965			rs7904973-T	rs7904973	0	7904973	intron_variant	0	NR	2E-15	14.698970004336019				Affymetrix, Illumina [NR] (imputed)	N	low density lipoprotein cholesterol measurement, alcohol drinking	http://www.ebi.ac.uk/efo/EFO_0004611, http://www.ebi.ac.uk/efo/EFO_0004329	GCST008079	Genome-wide genotyping array
2018-12-17	28957414	Pilling LC	2017-09-28	PLoS One	www.ncbi.nlm.nih.gov/pubmed/28957414	Red blood cell distribution width: Genetic evidence for aging pathways in 116,666 volunteers.	Red cell distribution width	116,666 British ancestry individuals	NA	10q26.13	10	122933070	C10orf88	C10orf88			ENSG00000119965			rs4980169-G	rs4980169	0	4980169	intron_variant	0	NR	4E-10	9.397940008672037		0.0241974	[0.016-0.032] unit decrease	Affymetrix [16832071] (imputed)	N	red blood cell distribution width	http://www.ebi.ac.uk/efo/EFO_0005192	GCST006804	Genome-wide genotyping array
2019-07-05	30698716	de Vries PS	2019-01-29	Am J Epidemiol	www.ncbi.nlm.nih.gov/pubmed/30698716	Multi-Ancestry Genome-Wide Association Study of Lipid Levels Incorporating Gene-Alcohol Interactions.	LDL cholesterol levels x alcohol consumption (regular vs non-regular drinkers) interaction (2df)	44,831 European ancestry regular drinkers, 3,976 African American regular drinkers, 1,288 Asian ancestry regular drinkers, 827 Hispanic regular drinkers, 11,674 European ancestry non-regular drinkers, 5,894 African American non-regular drinkers, 1,203 Asian ancestry non-regular drinkers, 1,701 Hispanic non-regular drinkers	71,281 European ancestry regular drinkers, 711 African American or Afro-Caribbean regular drinkers, 35,088 Asian ancestry regular drinkers, 3,742 Hispanic regular drinkers, 36,267 European ancestry non-regular drinkers, 1,317 African American or Afro-Caribbean non-regular drinkers, 6,152 Asian ancestry non-regular drinkers, 2,880 Hispanic non-regular drinkers	10q26.13	10	122934071	C10orf88	C10orf88			ENSG00000119965			rs7904973-T	rs7904973	0	7904973	intron_variant	0	NR	8E-10	9.096910013008056	(EA)			Affymetrix, Illumina [NR] (imputed)	N	low density lipoprotein cholesterol measurement, alcohol consumption measurement	http://www.ebi.ac.uk/efo/EFO_0004611, http://www.ebi.ac.uk/efo/EFO_0007878	GCST008078	Genome-wide genotyping array
2019-07-05	30698716	de Vries PS	2019-01-29	Am J Epidemiol	www.ncbi.nlm.nih.gov/pubmed/30698716	Multi-Ancestry Genome-Wide Association Study of Lipid Levels Incorporating Gene-Alcohol Interactions.	LDL cholesterol levels	89,893 European ancestry individuals, 20,989 African American individuals, 12,450 Asian ancestry individuals, 3,994 HIspanic individuals	136,986 European ancestry individuals, 4,475 African American or Afro-Caribbean individuals, 108,431 Asian ancestry individuals, 13,714 Hispanic individuals, 3,652 Brazilian ancestry individuals	10q26.13	10	122934071	C10orf88	C10orf88			ENSG00000119965			rs7904973-T	rs7904973	0	7904973	intron_variant	0	NR	3E-9	8.522878745280337		0.92	NR unit increase	Affymetrix, Illumina [NR] (imputed)	N	low density lipoprotein cholesterol measurement	http://www.ebi.ac.uk/efo/EFO_0004611	GCST008077	Genome-wide genotyping array
2019-07-05	30698716	de Vries PS	2019-01-29	Am J Epidemiol	www.ncbi.nlm.nih.gov/pubmed/30698716	Multi-Ancestry Genome-Wide Association Study of Lipid Levels Incorporating Gene-Alcohol Interactions.	LDL cholesterol levels x alcohol consumption (regular vs non-regular drinkers) interaction (2df)	44,831 European ancestry regular drinkers, 3,976 African American regular drinkers, 1,288 Asian ancestry regular drinkers, 827 Hispanic regular drinkers, 11,674 European ancestry non-regular drinkers, 5,894 African American non-regular drinkers, 1,203 Asian ancestry non-regular drinkers, 1,701 Hispanic non-regular drinkers	71,281 European ancestry regular drinkers, 711 African American or Afro-Caribbean regular drinkers, 35,088 Asian ancestry regular drinkers, 3,742 Hispanic regular drinkers, 36,267 European ancestry non-regular drinkers, 1,317 African American or Afro-Caribbean non-regular drinkers, 6,152 Asian ancestry non-regular drinkers, 2,880 Hispanic non-regular drinkers	10q26.13	10	122934071	C10orf88	C10orf88			ENSG00000119965			rs7904973-T	rs7904973	0	7904973	intron_variant	0	NR	4E-13	12.397940008672037				Affymetrix, Illumina [NR] (imputed)	N	low density lipoprotein cholesterol measurement, alcohol consumption measurement	http://www.ebi.ac.uk/efo/EFO_0004611, http://www.ebi.ac.uk/efo/EFO_0007878	GCST008078	Genome-wide genotyping array
2019-07-05	30698716	de Vries PS	2019-01-29	Am J Epidemiol	www.ncbi.nlm.nih.gov/pubmed/30698716	Multi-Ancestry Genome-Wide Association Study of Lipid Levels Incorporating Gene-Alcohol Interactions.	LDL cholesterol levels	89,893 European ancestry individuals, 20,989 African American individuals, 12,450 Asian ancestry individuals, 3,994 HIspanic individuals	136,986 European ancestry individuals, 4,475 African American or Afro-Caribbean individuals, 108,431 Asian ancestry individuals, 13,714 Hispanic individuals, 3,652 Brazilian ancestry individuals	10q26.13	10	122934071	C10orf88	C10orf88			ENSG00000119965			rs7904973-T	rs7904973	0	7904973	intron_variant	0	NR	4E-6	5.3979400086720375	(EA)	1.105	NR unit increase	Affymetrix, Illumina [NR] (imputed)	N	low density lipoprotein cholesterol measurement	http://www.ebi.ac.uk/efo/EFO_0004611	GCST008077	Genome-wide genotyping array
2019-07-05	30698716	de Vries PS	2019-01-29	Am J Epidemiol	www.ncbi.nlm.nih.gov/pubmed/30698716	Multi-Ancestry Genome-Wide Association Study of Lipid Levels Incorporating Gene-Alcohol Interactions.	LDL cholesterol levels in current drinkers	56,505 European ancestry individuals, 9,870 African American individuals, 2,491 Asian ancestry individuals, 2,528 Hispanic individuals	107,548 European ancestry individuals, 2,028 African American or Afro-Caribbean individuals, 41,240 Asian ancestry individuals, 6,622 Hispanic individuals, 1,984 Brazilian ancestry individuals	10q26.13	10	122934071	C10orf88	C10orf88			ENSG00000119965			rs7904973-T	rs7904973	0	7904973	intron_variant	0	NR	2E-6	5.698970004336019	(EA)	0.862	NR unit increase	Affymetrix, Illumina [NR] (imputed)	N	low density lipoprotein cholesterol measurement	http://www.ebi.ac.uk/efo/EFO_0004611	GCST008086	Genome-wide genotyping array
2019-07-05	30698716	de Vries PS	2019-01-29	Am J Epidemiol	www.ncbi.nlm.nih.gov/pubmed/30698716	Multi-Ancestry Genome-Wide Association Study of Lipid Levels Incorporating Gene-Alcohol Interactions.	LDL cholesterol levels in current drinkers	56,505 European ancestry individuals, 9,870 African American individuals, 2,491 Asian ancestry individuals, 2,528 Hispanic individuals	107,548 European ancestry individuals, 2,028 African American or Afro-Caribbean individuals, 41,240 Asian ancestry individuals, 6,622 Hispanic individuals, 1,984 Brazilian ancestry individuals	10q26.13	10	122934071	C10orf88	C10orf88			ENSG00000119965			rs7904973-T	rs7904973	0	7904973	intron_variant	0	NR	1E-9	9.0		0.809	NR unit increase	Affymetrix, Illumina [NR] (imputed)	N	low density lipoprotein cholesterol measurement	http://www.ebi.ac.uk/efo/EFO_0004611	GCST008086	Genome-wide genotyping array
2015-07-28	25188341	Beecham GW	2014-09-04	PLoS Genet	www.ncbi.nlm.nih.gov/pubmed/25188341	Genome-wide association meta-analysis of neuropathologic features of Alzheimer's disease and related dementias.	Lewy body disease	up to 3,526 individuals	NA	10q26.13	10	123100510	intergenic	ACADSB - HMX3	ENSG00000196177	ENSG00000188620		42220	35460	rs7078209-G	rs7078209	0	7078209	intergenic_variant	1	0.6751	8E-6	5.096910013008056	(Ordinal I)	0.2658	[0.15-0.38] unit increase	Affymetrix, Illumina [NR] (imputed)	N	Lewy body dementia, Lewy body dementia measurement	http://www.ebi.ac.uk/efo/EFO_0006792, http://www.ebi.ac.uk/efo/EFO_0006799	GCST002591	Genome-wide genotyping array
2015-07-28	25188341	Beecham GW	2014-09-04	PLoS Genet	www.ncbi.nlm.nih.gov/pubmed/25188341	Genome-wide association meta-analysis of neuropathologic features of Alzheimer's disease and related dementias.	Lewy body disease	up to 3,526 individuals	NA	10q26.13	10	123100510	intergenic	ACADSB - HMX3	ENSG00000196177	ENSG00000188620		42220	35460	rs7078209-G	rs7078209	0	7078209	intergenic_variant	1	0.6747	5E-6	5.301029995663981	(Ordinal II)	0.2772	[0.16-0.4] unit increase	Affymetrix, Illumina [NR] (imputed)	N	Lewy body dementia, Lewy body dementia measurement	http://www.ebi.ac.uk/efo/EFO_0006792, http://www.ebi.ac.uk/efo/EFO_0006799	GCST002591	Genome-wide genotyping array
2015-07-28	25188341	Beecham GW	2014-09-04	PLoS Genet	www.ncbi.nlm.nih.gov/pubmed/25188341	Genome-wide association meta-analysis of neuropathologic features of Alzheimer's disease and related dementias.	Lewy body disease	up to 3,526 individuals	NA	10q26.13	10	123100510	intergenic	ACADSB - HMX3	ENSG00000196177	ENSG00000188620		42220	35460	rs7078209-G	rs7078209	0	7078209	intergenic_variant	1	0.6744	4E-6	5.3979400086720375	(Case/control)	0.2812	[0.16-0.4] unit increase	Affymetrix, Illumina [NR] (imputed)	N	Lewy body dementia, Lewy body dementia measurement	http://www.ebi.ac.uk/efo/EFO_0006792, http://www.ebi.ac.uk/efo/EFO_0006799	GCST002591	Genome-wide genotyping array
2014-01-08	23793025	Anttila V	2013-06-23	Nat Genet	www.ncbi.nlm.nih.gov/pubmed/23793025	Genome-wide meta-analysis identifies new susceptibility loci for migraine.	Migraine without aura	7,107 European ancestry cases, 69,427 European ancestry controls	NA	10q26.13	10	122970360	intergenic	PSTK			ENSG00000179988			rs7069346-T	rs7069346	0	7069346	intron_variant	0	0.3	3E-6	5.522878745280337		1.11	[1.06-1.16]	Affymetrix, Illumina [~ 2300000] (imputed)	N	migraine disorder	http://purl.obolibrary.org/obo/MONDO_0005277	GCST002078	Genome-wide genotyping array
2020-01-09	23823483	Rhee EP	2013-07-02	Cell Metab	www.ncbi.nlm.nih.gov/pubmed/23823483	A genome-wide association study of the human metabolome in a community-based cohort.	Metabolite levels	2,076 European ancestry individuals	NA	10q26.13	10	123169755	HMX2	BUB3			ENSG00000154473			rs10794599-?	rs10794599	0	10794599	3_prime_UTR_variant	0	NR	6E-6	5.221848749616356	(kynurenic acid)	0.21346079	[0.12-0.31] unit increase	Affymetrix [at least 2500000] (imputed)	N	kynurenic acid measurement	http://www.ebi.ac.uk/efo/EFO_0010506	GCST009391	Genome-wide genotyping array
2019-08-12	27903959	Lv H	2017-01-31	Oncotarget	www.ncbi.nlm.nih.gov/pubmed/27903959	Genome-wide haplotype association study identify the FGFR2 gene as a risk gene for acute myeloid leukemia.	Core binding factor acute myeloid leukemia	175 European ancestry cases, 218 European ancestry controls	NA	10q26.13	10	123113171	NR	No mapped genes; No mapped genes; ACADSB - HMX3; No mapped genes						rs17104648-C; rs4980259-G; rs12764514-A; rs17104646-A	rs17104648; rs4980259; rs12764514; rs17104646	0		intergenic_variant; intergenic_variant; intergenic_variant; regulatory_region_variant		0.285	6E-17	16.221848749616356				Affymetrix [734624]	N	acute myeloid leukemia	http://www.ebi.ac.uk/efo/EFO_0000222	GCST008413	Genome-wide genotyping array
2019-08-12	27903959	Lv H	2017-01-31	Oncotarget	www.ncbi.nlm.nih.gov/pubmed/27903959	Genome-wide haplotype association study identify the FGFR2 gene as a risk gene for acute myeloid leukemia.	Core binding factor acute myeloid leukemia	175 European ancestry cases, 218 European ancestry controls	NA	10q26.13	10	123113171	NR	No mapped genes; No mapped genes; ACADSB - HMX3; No mapped genes						rs17104648-C; rs4980259-G; rs12764514-G; rs17104646-A	rs17104648; rs4980259; rs12764514; rs17104646	0		intergenic_variant; intergenic_variant; intergenic_variant; regulatory_region_variant		0.028	8E-15	14.096910013008056				Affymetrix [734624]	N	acute myeloid leukemia	http://www.ebi.ac.uk/efo/EFO_0000222	GCST008413	Genome-wide genotyping array
2017-08-10	27325353	Matteini AM	2016-06-21	Aging Cell	www.ncbi.nlm.nih.gov/pubmed/27325353	GWAS analysis of handgrip and lower body strength in older adults in the CHARGE consortium.	Lower body strength	9,822 European ancestry individuals	NA	10q26.13	10	123106481	ACADSB	ACADSB - HMX3	ENSG00000196177	ENSG00000188620		48191	29489	rs4980177-A	rs4980177	0	4980177	intergenic_variant	1	0.46	6E-6	5.221848749616356		4.57	NR Z score increase	Affymetrix, Illumina [2725778] (imputed)	N	lower body strength measurement	http://www.ebi.ac.uk/efo/EFO_0007999	GCST004493	Genome-wide genotyping array
2019-02-14	29507422	Hoffmann TJ	2018-03-05	Nat Genet	www.ncbi.nlm.nih.gov/pubmed/29507422	A large electronic-health-record-based genome-wide study of serum lipids.	Low density lipoprotein cholesterol levels	76,627 European ancestry individuals, 7,795 Hispanic individuals, 6,855 East Asian ancestry individuals, 2,958 African American individuals, 439 South Asian ancestry individuals	NA	10q26.13	10	122898293		C10orf88B			ENSG00000255624			rs7902274-G	rs7902274	0	7902274	non_coding_transcript_exon_variant	0	NR	6E-6	5.221848749616356	(EA)	0.022	unit decrease	Affymetrix [at least 7091467] (imputed)	N	low density lipoprotein cholesterol measurement	http://www.ebi.ac.uk/efo/EFO_0004611	GCST007141	Genome-wide genotyping array
2015-05-19	21685187	Siedlinski M	2011-06-16	Thorax	www.ncbi.nlm.nih.gov/pubmed/21685187	Genome-wide association study of smoking behaviours in patients with COPD.	Smoking cessation in chronic obstructive pulmonary disease	1,907 European ancestry former smoker cases, 1,164 European ancestry current smoker cases	NA	10q26.13	10	122754622	FLJ46361	DMBT1L1			ENSG00000176584			rs10794613-G	rs10794613	0	10794613	intron_variant	0	0.21	3E-6	5.522878745280337		1.43		Illumina [~ 6300000] (imputed)	N	smoking cessation	http://www.ebi.ac.uk/efo/EFO_0004319	GCST001108	Genome-wide genotyping array
2014-03-09	24024966	Teumer A	2013-08-14	J Clin Periodontol	www.ncbi.nlm.nih.gov/pubmed/24024966	Genome-wide association study of chronic periodontitis in a general German population.	Periodontitis (Mean PAL)	up to 4,032 European ancestry individuals	NA	10q26.13	10	123127609	HMX3	ACADSB - HMX3	ENSG00000196177	ENSG00000188620		69319	8361	rs61862032-T	rs61862032	0	61862032	intergenic_variant	1	0.98	9E-6	5.045757490560675	(Age 20-60 years)	0.1957	[0.11-0.28] unit increase	Affymetrix, Illumina [up to 17585496] (imputed)	N	periodontitis	http://www.ebi.ac.uk/efo/EFO_0000649	GCST002127	Genome-wide genotyping array
2018-09-20	30019117	Liu J	2018-07-17	Hum Genet	www.ncbi.nlm.nih.gov/pubmed/30019117	The coexistence of copy number variations (CNVs) and single nucleotide polymorphisms (SNPs) at a locus can result in distorted calculations of the significance in associating SNPs to disease.	Adolescent idiopathic scoliosis	196 cases, 303 controls	NA	10q26.13	10	122731524	NR	DMBT1L1			ENSG00000176584			rs17104017-?	rs17104017	0	17104017	intron_variant	0	NR	2E-6	5.698970004336019				Affymetrix [NR]	N	adolescent idiopathic scoliosis	http://www.ebi.ac.uk/efo/EFO_0005423	GCST006287	Genome-wide genotyping array
2020-07-28	32450446	Wang H	2020-04-29	Neurobiol Aging	www.ncbi.nlm.nih.gov/pubmed/32450446	Genome-wide interaction analysis of pathological hallmarks in Alzheimer's disease.	Total PHF-tau (SNP x SNP interaction)	1,285 individuals	NA	10q26.13	10	122717980	NR x NR	No mapped genes x C10orf120 - DMBT1L1						rs6074503-? x rs950083-?	rs6074503 x rs950083	0		intergenic_variant x regulatory_region_variant		NR	4E-9	8.397940008672037				Affymetrix, Illumina [279409] (imputed)	N	PHF-tau measurement	http://www.ebi.ac.uk/efo/EFO_0010750	GCST010340	Genome-wide genotyping array
2020-09-21	32888493	Chen MH	2020-09-01	Cell	www.ncbi.nlm.nih.gov/pubmed/32888493	Trans-ethnic and Ancestry-Specific Blood-Cell Genetics in 746,667 Individuals from 5 Global Populations.	Mean corpuscular volume	544,127 European ancestry individuals	NA	10q26.13	10	122775741	NR	DMBT1L1			ENSG00000176584			rs142651386-A	rs142651386	0	142651386	intron_variant	0	0.999806	2E-11	10.698970004336019		3.48699	[2.47-4.51] SD unit decrease	Affymetrix, Illumina [50615308] (imputed)	N	mean corpuscular volume	http://www.ebi.ac.uk/efo/EFO_0004526	GCST90002334	Genome-wide genotyping array
2020-08-19	32493714	Klimentidis YC	2020-06-03	Diabetes	www.ncbi.nlm.nih.gov/pubmed/32493714	Phenotypic and Genetic Characterization of Lower LDL-C and Increased Type-2 Diabetes Risk in the UK Biobank.	Low density lipoprotein cholesterol levels	431,167 European ancestry individuals	NA	10q26.13	10	122927140	NR	FAM24A - C10orf88	ENSG00000203795	ENSG00000119965		14029	3761	rs10794579-T	rs10794579	0	10794579	intergenic_variant	1	0.42467	2E-25	24.69897000433602		0.0201777	[0.016-0.024] unit decrease	Affymetrix [15000001]	N	low density lipoprotein cholesterol measurement	http://www.ebi.ac.uk/efo/EFO_0004611	GCST90002412	Genome-wide genotyping array
2020-09-21	32888493	Chen MH	2020-09-01	Cell	www.ncbi.nlm.nih.gov/pubmed/32888493	Trans-ethnic and Ancestry-Specific Blood-Cell Genetics in 746,667 Individuals from 5 Global Populations.	Mean corpuscular hemoglobin	486,823 European ancestry individuals	NA	10q26.13	10	122927140	NR	FAM24A - C10orf88	ENSG00000203795	ENSG00000119965		14029	3761	rs10794579-C	rs10794579	0	10794579	intergenic_variant	1	0.575608	8E-13	12.096910013008056		0.01395	[0.01-0.018] SD unit decrease	Affymetrix, Illumina [50266654] (imputed)	N	mean corpuscular hemoglobin concentration	http://www.ebi.ac.uk/efo/EFO_0004528	GCST90002322	Genome-wide genotyping array
2020-09-18	32888494	Vuckovic D	2020-09-01	Cell	www.ncbi.nlm.nih.gov/pubmed/32888494	The Polygenic and Monogenic Basis of Blood Traits and Diseases.	High light scatter reticulocyte percentage of red cells	408,112 British individuals	NA	10q26.13	10	122945179	C10orf88	C10orf88			ENSG00000119965			rs9423289-T	rs9423289	0	9423289	intron_variant	0	0.576177	3E-11	10.522878745280337		0.014932032	[0.011-0.019] unit decrease	Affymetrix [93095623] (imputed)	N	reticulocyte measurement	http://www.ebi.ac.uk/efo/EFO_0010700	GCST90002386	Genome-wide genotyping array
2020-09-21	32888493	Chen MH	2020-09-01	Cell	www.ncbi.nlm.nih.gov/pubmed/32888493	Trans-ethnic and Ancestry-Specific Blood-Cell Genetics in 746,667 Individuals from 5 Global Populations.	Red cell distribution width	563,352 African American or Afro-Caribbean, African ancestry, European ancestry, East Asian ancestry, Hispanic or Latin American and South Asian ancestry individuals	NA	10q26.13	10	122934071	NR	C10orf88			ENSG00000119965			rs7904973-G	rs7904973	0	7904973	intron_variant	0	0.428378	8E-48	47.096910013008056				Affymetrix, Illumina [22063850] (imputed)	N	red blood cell distribution width	http://www.ebi.ac.uk/efo/EFO_0005192	GCST90002372	Genome-wide genotyping array
2019-03-19	30700811	Wigmore EM	2019-01-31	Pharmacogenomics J	www.ncbi.nlm.nih.gov/pubmed/30700811	Genome-wide association study of antidepressant treatment resistance in a population-based cohort using health service prescription data and meta-analysis with GENDEP.	Antidepressant treatment resistance (> 2 drugs prescribed)	250 European ancestry cases, 3,202 European ancestry controls, 109 cases, 668 controls	NA	10q26.13	10	123090884	ACADSB, HMX3	ACADSB - HMX3	ENSG00000196177	ENSG00000188620		32594	45086	rs188352979-?	rs188352979	0	188352979	intergenic_variant	1		3E-7	6.522878745280337		2.87	[2.47-3.28]	NR [7120598] (imputed)	N	response to antidepressant	http://purl.obolibrary.org/obo/GO_0036276	GCST007355	Genome-wide genotyping array
2019-03-19	30700811	Wigmore EM	2019-01-31	Pharmacogenomics J	www.ncbi.nlm.nih.gov/pubmed/30700811	Genome-wide association study of antidepressant treatment resistance in a population-based cohort using health service prescription data and meta-analysis with GENDEP.	Antidepressant treatment resistance (number of drugs prescribed)	3,452 European ancestry individuals	NA	10q26.13	10	123090884	ACADSB, HMX3	ACADSB - HMX3	ENSG00000196177	ENSG00000188620		32594	45086	rs188352979-?	rs188352979	0	188352979	intergenic_variant	1		4E-7	6.3979400086720375		0.33	[0.2-0.46] unit increase	NR [7395460] (imputed)	N	response to antidepressant	http://purl.obolibrary.org/obo/GO_0036276	GCST007356	Genome-wide genotyping array
2019-03-19	30700811	Wigmore EM	2019-01-31	Pharmacogenomics J	www.ncbi.nlm.nih.gov/pubmed/30700811	Genome-wide association study of antidepressant treatment resistance in a population-based cohort using health service prescription data and meta-analysis with GENDEP.	Antidepressant treatment resistance (number of drugs prescribed)	3,452 European ancestry individuals	NA	10q26.13	10	123093218	ACADSB, HMX3	ACADSB - HMX3	ENSG00000196177	ENSG00000188620		34928	42752	rs182041872-?	rs182041872	0	182041872	intergenic_variant	1		5E-7	6.301029995663981		0.3	[0.18-0.42] unit increase	NR [7395460] (imputed)	N	response to antidepressant	http://purl.obolibrary.org/obo/GO_0036276	GCST007356	Genome-wide genotyping array
2020-09-21	32888493	Chen MH	2020-09-01	Cell	www.ncbi.nlm.nih.gov/pubmed/32888493	Trans-ethnic and Ancestry-Specific Blood-Cell Genetics in 746,667 Individuals from 5 Global Populations.	Red cell distribution width	531,774 European ancestry individuals	NA	10q26.13	10	122934071	NR	C10orf88			ENSG00000119965			rs7904973-G	rs7904973	0	7904973	intron_variant	0	0.424768	3E-52	51.52287874528034		0.028919	[0.025-0.033] SD unit increase	Affymetrix, Illumina [49860007] (imputed)	N	red blood cell distribution width	http://www.ebi.ac.uk/efo/EFO_0005192	GCST90002369	Genome-wide genotyping array
2021-03-30	32778093	He B	2020-08-10	BMC Biol	www.ncbi.nlm.nih.gov/pubmed/32778093	Genome-wide pQTL analysis of protein expression regulatory networks in the human liver.	Protein quantitative trait loci (liver)	172 European ancestry individuals, 29 Black individuals, 86 individuals	NA	10q26.13	10	122711954	NR	C10orf120 - DMBT1L1	ENSG00000183559	ENSG00000176584		12108	17475	rs78939407-A	rs78939407	0	78939407	intergenic_variant	1	0.02613	5E-10	9.301029995663981	(PLD3)	0.01979	NR unit increase	Illumina [1671387] (imputed)	N	protein measurement	http://www.ebi.ac.uk/efo/EFO_0004747	GCST011427	Genome-wide genotyping array
2019-08-28	31206233	Real LM	2019-06-17	Liver Int	www.ncbi.nlm.nih.gov/pubmed/31206233	A genome-wide association study in low susceptibility to hepatitis C virus infection (GEHEP012 Study).	Low susceptibility to hepatitis C infection	27 Spanish ancestry uninfected high-risk individuals, 804 Spanish ancestry infected individuals	NA	10q26.13	10	122873151	FAM24B	FAM24B			ENSG00000213185			rs79749804-C	rs79749804	0	79749804	intron_variant	0	0.01617	8E-7	6.096910013008056		12.17	[5.39-27.46]	Affymetrix [7675561] (imputed)	N	decreased susceptibility to hepatitis C infection	http://www.ebi.ac.uk/efo/EFO_0010101	GCST008502	Genome-wide genotyping array
2019-08-28	31206233	Real LM	2019-06-17	Liver Int	www.ncbi.nlm.nih.gov/pubmed/31206233	A genome-wide association study in low susceptibility to hepatitis C virus infection (GEHEP012 Study).	Low susceptibility to hepatitis C infection	27 Spanish ancestry uninfected high-risk individuals, 804 Spanish ancestry infected individuals	NA	10q26.13	10	122984795	PSTK	PSTK			ENSG00000179988			rs117915310-G	rs117915310	0	117915310	non_coding_transcript_exon_variant	0	0.0143	3E-7	6.522878745280337		13.78	[6.03-31.47]	Affymetrix [7675561] (imputed)	N	decreased susceptibility to hepatitis C infection	http://www.ebi.ac.uk/efo/EFO_0010101	GCST008502	Genome-wide genotyping array
2021-08-26	33706416	Slob EMA	2021-03-11	Pediatr Allergy Immunol	www.ncbi.nlm.nih.gov/pubmed/33706416	Genome-wide association studies of exacerbations in children using long-acting beta2-agonists.	Childhood asthma exacerbations in long-acting beta2-agonist treatment	642 European, Hispanic, African, Asian or unknown ancestry cases, 783 European, Hispanic, African, Asian or unknown ancestry controls	NA	10q26.13	10	123169436	BUB3	BUB3			ENSG00000154473			rs7918913-C	rs7918913	0	7918913	3_prime_UTR_variant	0	0.374	5E-6	5.301029995663981		0.59	[0.47-0.74]	Affymetrix, Illumina [82996] (imputed)	N	asthma exacerbation measurement	http://www.ebi.ac.uk/efo/EFO_0007614	GCST012244	Genome-wide genotyping array
2020-07-28	32450446	Wang H	2020-04-29	Neurobiol Aging	www.ncbi.nlm.nih.gov/pubmed/32450446	Genome-wide interaction analysis of pathological hallmarks in Alzheimer's disease.	Total PHF-tau (SNP x SNP interaction)	1,285 individuals	NA	10q26.13	10	122753982	NR x NR	No mapped genes x DMBT1L1						rs2085686-? x rs10902924-?	rs2085686 x rs10902924	0		intergenic_variant x intron_variant		NR	6E-10	9.221848749616356				Affymetrix, Illumina [279409] (imputed)	N	PHF-tau measurement	http://www.ebi.ac.uk/efo/EFO_0010750	GCST010340	Genome-wide genotyping array
2020-09-21	32888493	Chen MH	2020-09-01	Cell	www.ncbi.nlm.nih.gov/pubmed/32888493	Trans-ethnic and Ancestry-Specific Blood-Cell Genetics in 746,667 Individuals from 5 Global Populations.	Mean corpuscular hemoglobin	630,125 African American or Afro-Caribbean, African ancestry, European ancestry, East Asian ancestry, Hispanic or Latin American and South Asian ancestry individuals	NA	10q26.13	10	122945179	NR	C10orf88			ENSG00000119965			rs9423289-T	rs9423289	0	9423289	intron_variant	0	0.573195	6E-13	12.221848749616356				Affymetrix, Illumina [20825802] (imputed)	N	mean corpuscular hemoglobin concentration	http://www.ebi.ac.uk/efo/EFO_0004528	GCST90002326	Genome-wide genotyping array
2018-11-26	30275531	Klarin D	2018-10-01	Nat Genet	www.ncbi.nlm.nih.gov/pubmed/30275531	Genetics of blood lipids among ~300,000 multi-ethnic participants of the Million Veteran Program.	LDL cholesterol	215,551 European ancestry individuals, 57,332 African American individuals, 24,743 Hispanic individuals	Up to 319,677 individuals	10q26.13	10	122934071	C10orf88	C10orf88			ENSG00000119965			rs7904973-T	rs7904973	0	7904973	intron_variant	0	0.5573	1E-14	14.0		0.0203	[0.015-0.025] mg dl-1 increase	Affymetrix [up to 31400000] (imputed)	N	low density lipoprotein cholesterol measurement	http://www.ebi.ac.uk/efo/EFO_0004611	GCST006612	Genome-wide genotyping array
2022-11-17	34887591	Graham SE	2021-12-09	Nature	www.ncbi.nlm.nih.gov/pubmed/34887591	The power of genetic diversity in genome-wide association studies of lipids.	Non-HDL cholesterol levels	1,320,016 European ancestry individuals	NA	10q26.13	10	122945179		C10orf88			ENSG00000119965			rs9423289-C	rs9423289	0	9423289	intron_variant	0	0.424125	9E-25	24.045757490560675		0.0198938	[0.017-0.023] unit decrease	NR [52000000] (imputed)	N	non-high density lipoprotein cholesterol measurement	http://www.ebi.ac.uk/efo/EFO_0005689	GCST90239670	Genome-wide genotyping array
2022-11-17	34887591	Graham SE	2021-12-09	Nature	www.ncbi.nlm.nih.gov/pubmed/34887591	The power of genetic diversity in genome-wide association studies of lipids.	Low density lipoprotein cholesterol levels	40,963 South Asian ancestry individuals, 48,057 Hispanic individuals, 99,432 Admixed African or African ancestry individuals, 146,492 East Asian ancestry individuals, 1,320,016 European ancestry individuals	NA	10q26.13	10	122934071		C10orf88			ENSG00000119965			rs7904973-?	rs7904973	0	7904973	intron_variant	0	NR	2E-50	49.69897000433602				NR [52000000] (imputed)	N	low density lipoprotein cholesterol measurement	http://www.ebi.ac.uk/efo/EFO_0004611	GCST90239655	Genome-wide genotyping array
2022-11-17	34887591	Graham SE	2021-12-09	Nature	www.ncbi.nlm.nih.gov/pubmed/34887591	The power of genetic diversity in genome-wide association studies of lipids.	Total cholesterol levels	40,963 South Asian ancestry individuals, 48,057 Hispanic individuals, 99,432 Admixed African or African ancestry individuals, 146,492 East Asian ancestry individuals, 1,320,016 European ancestry individuals	NA	10q26.13	10	122934071		C10orf88			ENSG00000119965			rs7904973-?	rs7904973	0	7904973	intron_variant	0	NR	6E-50	49.221848749616356				NR [52000000] (imputed)	N	total cholesterol measurement	http://www.ebi.ac.uk/efo/EFO_0004574	GCST90239673	Genome-wide genotyping array
2022-11-17	34887591	Graham SE	2021-12-09	Nature	www.ncbi.nlm.nih.gov/pubmed/34887591	The power of genetic diversity in genome-wide association studies of lipids.	Total cholesterol levels	1,320,016 European ancestry individuals	NA	10q26.13	10	122934071		C10orf88			ENSG00000119965			rs7904973-T	rs7904973	0	7904973	intron_variant	0	0.575625	1E-35	35.0		0.0202459	[0.018-0.023] unit increase	NR [52000000] (imputed)	N	total cholesterol measurement	http://www.ebi.ac.uk/efo/EFO_0004574	GCST90239676	Genome-wide genotyping array
2022-11-17	34887591	Graham SE	2021-12-09	Nature	www.ncbi.nlm.nih.gov/pubmed/34887591	The power of genetic diversity in genome-wide association studies of lipids.	Non-HDL cholesterol levels	40,963 South Asian ancestry individuals, 48,057 Hispanic individuals, 99,432 Admixed African or African ancestry individuals, 146,492 East Asian ancestry individuals, 1,320,016 European ancestry individuals	NA	10q26.13	10	122934071		C10orf88			ENSG00000119965			rs7904973-?	rs7904973	0	7904973	intron_variant	0	NR	4E-33	32.39794000867204				NR [52000000] (imputed)	N	non-high density lipoprotein cholesterol measurement	http://www.ebi.ac.uk/efo/EFO_0005689	GCST90239667	Genome-wide genotyping array
2020-09-18	32888494	Vuckovic D	2020-09-01	Cell	www.ncbi.nlm.nih.gov/pubmed/32888494	The Polygenic and Monogenic Basis of Blood Traits and Diseases.	Mean reticulocyte volume	408,112 British individuals	NA	10q26.13	10	122933070	C10orf88	C10orf88			ENSG00000119965			rs4980169-G	rs4980169	0	4980169	intron_variant	0	0.576128	9E-13	12.045757490560675		0.01626857	[0.012-0.021] unit decrease	Affymetrix [93095623] (imputed)	N	mean reticulocyte volume	http://www.ebi.ac.uk/efo/EFO_0010701	GCST90002396	Genome-wide genotyping array
2019-02-08	30595370	Kichaev G	2018-12-27	Am J Hum Genet	www.ncbi.nlm.nih.gov/pubmed/30595370	Leveraging Polygenic Functional Enrichment to Improve GWAS Power.	Mean corpuscular hemoglobin	approximately 443,000 European ancestry individuals	NA	10q26.13	10	122945179		C10orf88			ENSG00000119965			rs9423289-?	rs9423289	0	9423289	intron_variant	0	NR	3E-9	8.522878745280337				NR [~ 8900000] (imputed)	N	mean corpuscular hemoglobin	http://www.ebi.ac.uk/efo/EFO_0004527	GCST007068	Genome-wide genotyping array
2020-09-18	32888494	Vuckovic D	2020-09-01	Cell	www.ncbi.nlm.nih.gov/pubmed/32888494	The Polygenic and Monogenic Basis of Blood Traits and Diseases.	Red cell distribution width	408,112 British individuals	NA	10q26.13	10	122944999	C10orf88	C10orf88			ENSG00000119965			rs66819430-G	rs66819430	1	10604015	intron_variant	0	0.575885	2E-40	39.69897000433602		0.029947344	[0.026-0.034] unit decrease	Affymetrix [93095623] (imputed)	N	red blood cell distribution width	http://www.ebi.ac.uk/efo/EFO_0005192	GCST90002404	Genome-wide genotyping array
2019-02-08	30595370	Kichaev G	2018-12-27	Am J Hum Genet	www.ncbi.nlm.nih.gov/pubmed/30595370	Leveraging Polygenic Functional Enrichment to Improve GWAS Power.	Red cell distribution width	approximately 445,000 European ancestry individuals	NA	10q26.13	10	122945179		C10orf88			ENSG00000119965			rs9423289-?	rs9423289	0	9423289	intron_variant	0	NR	1E-40	40.0				NR [~ 8900000] (imputed)	N	red blood cell distribution width	http://www.ebi.ac.uk/efo/EFO_0005192	GCST007074	Genome-wide genotyping array
2022-11-14	35347128	Yin X	2022-03-28	Nat Commun	www.ncbi.nlm.nih.gov/pubmed/35347128	Genome-wide association studies of metabolites in Finnish men identify disease-relevant loci.	X-23641 levels	6,136 Finnish ancestry individuals	NA	10q26.13	10	123012013		ACADSB			ENSG00000196177			rs115327348-G	rs115327348	0	115327348	intron_variant	0	NR	4E-36	35.39794000867204		0.27	unit decrease	NR [16000000] (imputed)	N	X-23641 measurement	http://www.ebi.ac.uk/efo/EFO_0800854	GCST90140566	Genome-wide genotyping array, Genome-wide sequencing, Exome-wide sequencing
2021-03-30	32778093	He B	2020-08-10	BMC Biol	www.ncbi.nlm.nih.gov/pubmed/32778093	Genome-wide pQTL analysis of protein expression regulatory networks in the human liver.	Protein quantitative trait loci (liver)	172 European ancestry individuals, 29 Black individuals, 86 individuals	NA	10q26.13	10	122741563	NR	DMBT1L1			ENSG00000176584			rs34772214-C	rs34772214	0	34772214	intron_variant	0	0.0122	2E-9	8.698970004336019	(AMBP)	0.03533	NR unit increase	Illumina [1671387] (imputed)	N	protein measurement	http://www.ebi.ac.uk/efo/EFO_0004747	GCST011427	Genome-wide genotyping array
2022-11-17	34887591	Graham SE	2021-12-09	Nature	www.ncbi.nlm.nih.gov/pubmed/34887591	The power of genetic diversity in genome-wide association studies of lipids.	Low density lipoprotein cholesterol levels	1,320,016 European ancestry individuals	NA	10q26.13	10	122934071		C10orf88			ENSG00000119965			rs7904973-T	rs7904973	0	7904973	intron_variant	0	0.576124	5E-38	37.30102999566398		0.0209679	[0.018-0.024] unit increase	NR [52000000] (imputed)	N	low density lipoprotein cholesterol measurement	http://www.ebi.ac.uk/efo/EFO_0004611	GCST90239658	Genome-wide genotyping array
2021-12-14	34594039	Sakaue S	2021-09-30	Nat Genet	www.ncbi.nlm.nih.gov/pubmed/34594039	A cross-population atlas of genetic associations for 220 human phenotypes.	LDL cholesterol	343,621 European ancestry individuals, 72,866 East Asian ancestry individuals	NA	10q26.13	10	122927140		FAM24A - C10orf88	ENSG00000203795	ENSG00000119965		14029	3761	rs10794579-C	rs10794579	0	10794579	intergenic_variant	1	NR	4E-14	13.397940008672037		0.0162	[0.012-0.02] unit increase	Affymetrix, Illumina [20521447] (imputed)	N	low density lipoprotein cholesterol measurement	http://www.ebi.ac.uk/efo/EFO_0004611	GCST90018961	Genome-wide genotyping array
2021-12-14	34594039	Sakaue S	2021-09-30	Nat Genet	www.ncbi.nlm.nih.gov/pubmed/34594039	A cross-population atlas of genetic associations for 220 human phenotypes.	Hemoglobin A1c levels	344,182 European ancestry individuals, 71,221 East Asian ancestry individuals	NA	10q26.13	10	122944999		C10orf88			ENSG00000119965			rs10604015-G	rs10604015	0	10604015	intron_variant	0	NR	5E-9	8.301029995663981		0.0136	[0.0091-0.0181] unit increase	Affymetrix, Illumina [20525742] (imputed)	N	hemoglobin A1 measurement	http://www.ebi.ac.uk/efo/EFO_0007629	GCST90018958	Genome-wide genotyping array
2021-12-14	34594039	Sakaue S	2021-09-30	Nat Genet	www.ncbi.nlm.nih.gov/pubmed/34594039	A cross-population atlas of genetic associations for 220 human phenotypes.	Total cholesterol levels	344,278 European ancestry individuals, 135,808 East Asian ancestry individuals	NA	10q26.13	10	122927140		FAM24A - C10orf88	ENSG00000203795	ENSG00000119965		14029	3761	rs10794579-C	rs10794579	0	10794579	intergenic_variant	1	NR	4E-14	13.397940008672037		0.0149	[0.011-0.019] unit increase	Affymetrix, Illumina [20536134] (imputed)	N	total cholesterol measurement	http://www.ebi.ac.uk/efo/EFO_0004574	GCST90018974	Genome-wide genotyping array
